HospitalId,Name,CountryCode,TBServiceCode
37104A55-4DB0-4964-8443-2BC9119C5753,ABERAERON HOSPITAL,W92000004,TBS0001
F9509F7F-1858-49CF-9BDB-0AF54A20AFDD,ABERBARGOED & DISTRICT HOSPITAL,W92000004,TBS0002
15E4F8FB-09BC-45E2-8D7C-D5F654465680,ABERDARE GENERAL HOSPITAL,W92000004,TBS0003
884E400B-1B68-4234-96F4-7E1A2029B15D,ABERGELE HOSPITAL,W92000004,TBS0004
306EB541-8669-4C0A-A65A-6413EFA8B96A,ABERTILLERY DISTRICT HOSPITAL,W92000004,TBS0005
B868AA30-5B13-44DB-9D2D-8BD163E9BC7B,ABERYSTWYTH HEALTH CLINIC,W92000004,TBS0006
93FA0A6C-474D-4AE8-AF23-952076F96336,ABINGDON COMMUNITY HOSPITAL,E92000001,TBS0006
1200824A-CCE6-491D-BD93-33E44F0B383B,ACCRINGTON VICTORIA HOSPITAL,E92000001,TBS0006
A82E9405-D427-4DB3-9A4B-5292EB76F31E,ACRE DAY HOSPITAL,E92000001,TBS0006
EEA9A534-F4B5-457B-A8BB-73A2D40330B6,ADAMS DAY HOSPITAL,E92000001,TBS0006
2DD2FE7C-62A8-45D9-B787-5AD15808ECC3,ADDENBROOKE'S HOSPITAL,E92000001,TBS0007
00C14073-322B-433B-AEC1-F1C0698D5489,AILSA CRAIG MEDICAL PRACTICE,E92000001,TBS0008
2A4164C7-4487-4E33-ACB1-7CD51F7AD158,AINTREE HOSPITALS - OPD,E92000001,TBS0009
A594C0C8-227B-414C-83C2-F069B3089F7C,AIREDALE GENERAL HOSPITAL,E92000001,TBS0010
F5D814FC-D3A5-4B3B-AF84-2895A05815F1,ALDEBURGH HOSPITAL,E92000001,TBS0011
489189B5-F8B5-465B-9B6A-7573D21CC238,ALDER HEY CHILDREN'S HOSPITAL,E92000001,TBS0012
E9CA976C-FA94-4525-9EAA-F8F4F550249E,ALDERNEY HOSPITAL,E92000001,TBS0012
5786FF70-02FE-4D20-BAD7-AFFD201FE419,ALDRINGTON DAY HOSPITAL,E92000001,TBS0013
506C8E5F-467D-4EBF-8FCA-66CF0A8B5E30,ALEXANDRA HOSPITAL [CHEADLE],E92000001,TBS0014
B2574388-808A-4A1B-98B5-AF09E9CAAC28,ALEXANDRA HOSPITAL [REDDITCH],E92000001,TBS0015
8BAC3FF5-FD44-4989-B4E7-0B1846686EB3,ALFRED BEAN HOSPITAL,E92000001,TBS0016
14334461-C8DE-477E-B881-04DF0C0E7C32,ALNWICK INFIRMARY,E92000001,TBS0017
84E57DD3-4CB6-495E-92AE-F09810A6743F,ALTNAGELVIN AREA HOSPITAL,N92000002,TBS0018
F370618C-E33A-4663-90FC-7C986E4053AE,ALTON COMMUNITY HOSPITAL,E92000001,TBS0018
38B840BD-8862-46FB-9120-0088E0B4FDF8,ALTRINCHAM GENERAL HOSPITAL,E92000001,TBS0019
7877B857-C94D-47C1-9636-E0EF6005EF89,AMBERSTONE HOSPITAL,E92000001,TBS0019
B5788A2E-A238-49DD-813D-D1CE921258C9,AMERSHAM HOSPITAL,E92000001,TBS0019
DB023CA7-B477-4825-BA71-35046EE0337F,AMMAN VALLEY HOSPITAL,W92000004,TBS0019
7FD94F8B-83FD-46BC-AD21-9CF5B0FDA3D2,AMY EVANS MEMORIAL HOSPITAL,W92000004,TBS0019
2773DD7B-6184-4569-8A6F-A1DF9A9D23D3,ANDOVER WAR MEMORIAL HOSPITAL,E92000001,TBS0019
F0698AF5-6F64-4A2E-B364-95779B438955,ANTRIM AREA HOSPITAL,N92000002,TBS0019
597979FE-6365-4B9F-8043-83D9897F90E6,ARDS HOSPITAL,N92000002,TBS0019
6057E81E-A0AD-46F2-8AE9-DEE253F2C600,ARROWE PARK HOSPITAL,E92000001,TBS0019
BFA31F50-C61D-4FF9-B92A-193242EBF89E,ARUNDAL HOSPITAL LODGE,E92000001,TBS0019
80608B56-DC0E-4205-AD07-5FBBC878D679,ASH ETON,E92000001,TBS0019
18B079D8-BA76-4145-930B-547D4C3B623F,ASHBURTON AND BUCKFASTLEIGH HOSPITAL,E92000001,TBS0020
C89248DF-265C-4881-A9AE-2AA39B6A7A5C,ASHFIELD COMMUNITY HOSPITAL,E92000001,TBS0021
868E426F-B11D-45A3-BF2C-E0C31BED2C44,ASHFORD HOSPITAL,E92000001,TBS0022
51F4291E-DDDD-497D-BD04-158763E1A131,ASHINGTON HOSPITAL,E92000001,TBS0023
C1C90529-F7D0-40D0-B644-9C15E3046C25,ASHTEAD HOSPITAL,E92000001,TBS0024
5D9F3D17-74F1-412E-9B7F-70D6DEBD7A12,ASHTON HOUSE HOSPITAL,E92000001,TBS0025
B5CEE958-0E64-41A4-9F66-BC008C7A59E9,ASHWORTH HOSPITAL,E92000001,TBS0025
87AC9A14-5333-4DE8-BAC9-CBC1D5BF86A6,ASTLEY HOSPITAL,E92000001,TBS0025
C4460D63-44E4-412C-8DE9-B052514E41B5,AUCKLAND PARK HOSPITAL,E92000001,TBS0025
BD24C256-A61D-4C8E-B656-0F90BD2CFF3D,AVENUE DAY HOSPITAL,E92000001,TBS0026
B2B3CA4A-FA44-4040-8EE5-44B05A56628C,AXMINSTER HOSPITAL,E92000001,TBS0027
769E9162-2AE1-4689-9721-A65912933BF6,BANGOR COMMUNITY HOSPITAL,N92000002,TBS0028
16908B7A-58F8-4E17-A8E8-91888D86F52F,BARKING HOSPITAL,E92000001,TBS0028
2DA3C93C-0DF4-46D1-8370-B64C3CA8ACF7,BARNET HOSPITAL,E92000001,TBS0028
A204BA25-78A5-409C-8E47-1F0DE979D15F,BARNSLEY HOSPITAL,E92000001,TBS0028
919633A7-E62D-490F-8E4B-84339DA0AB9B,BARROW HOSPITAL,E92000001,TBS0028
DB5D0848-C1CD-4E30-A28C-A6199621174C,BARROWBY HOUSE,E92000001,TBS0028
ADC02FA9-C7DD-484F-BAB0-830241D8DD43,BARRY HOSPITAL,W92000004,TBS0029
F4BF1E54-D0B4-421C-AA7E-EAA31101EFF0,BASILDON & THURROCK HOSPITAL,E92000001,TBS0030
4FCC9E17-FEE4-42E9-B4EA-151DE79540AD,BASINGSTOKE AND NORTH HAMPSHIRE HOSPITAL,E92000001,TBS0031
FB9ED9E8-6779-427E-BAFB-8C5C9CB2A119,BASSETLAW HOSPITAL,E92000001,TBS0032
C1FBA9F4-1D9F-45FE-B27C-71BD354DC286,BATH CLINIC,E92000001,TBS0033
33EE2791-894F-45B2-880C-E9B83854FD07,BATH MINERAL HOSPITAL,E92000001,TBS0034
B74E4E2F-F51F-4FD3-8167-9AD2C8E588EB,BATH ROAD DAY HOSPITAL,E92000001,TBS0035
3DAF070A-73E3-4449-867A-C69DFC90C476,BATTLE HOSPITAL,E92000001,TBS0036
D016BC16-ED2E-43CD-837D-8867A4435C99,BEACON DAY HOSPITAL,E92000001,TBS0036
54B0BD76-51E1-484A-8AD8-DEEAA419D564,BEARDWOOD HOSPITAL,E92000001,TBS0036
60D1768D-6D86-4A22-ADC9-220B6A075308,BEAUMONT HOSPITAL,E92000001,TBS0037
1387C5D9-B653-43BD-93FC-20CE75EDD420,BECCLES & DISTRICT HOSPITAL,E92000001,TBS0038
FC9372FA-0D90-4257-9B2F-E4A80AAEE992,BECKENHAM HOSPITAL,E92000001,TBS0039
41036C83-C26E-4590-91A1-CF167E32FD1D,BEDFORD HOSPITAL,E92000001,TBS0040
B033556E-8BD5-4277-BF79-9875774DC403,BEIGHTON COMMUNITY HOSPITAL (THE CHILD & FAMILY THERAPY TEAM),E92000001,TBS0040
B840B161-3FB0-470C-91BE-A8107C1C90E4,BELFAST CITY HOSPITAL,N92000002,TBS0041
490806C6-DB6B-40CA-A528-84F5DF075231,BENENDEN HOSPITAL,E92000001,TBS0042
A72C02DB-34AE-4BE2-96EB-7ED3F992499D,BENSHAM HOSPITAL,E92000001,TBS0043
AA0AA029-25AB-41EE-9414-46B1C6D6C238,BERKELEY HOSPITAL,E92000001,TBS0043
6E2B2F97-C1F4-4ECB-B40F-9080BEBDC965,BERKSHIRE INDEPENDENT HOSPITAL,E92000001,TBS0043
42C35589-DD1E-41E1-BC7C-E2B965E2D7AD,BERWICK INFIRMARY,E92000001,TBS0044
BE836647-61AD-4068-824D-06198752C7E0,BETHLEM ROYAL HOSPITAL,E92000001,TBS0044
177F8D11-D5B6-48CC-BCF4-2E49519949E4,BEVERLEY WESTWOOD HOSPITAL,E92000001,TBS0045
D2563AC7-9D6E-428F-8B4E-6CD1254F2612,BEXHILL COMMUNITY HOSPITAL,E92000001,TBS0046
4987E982-7774-42AC-B22F-A24BDF5E2C22,BICESTER COTTAGE HOSPITAL,E92000001,TBS0047
6050E0BD-F829-403F-83F2-6FF2865B1F2D,BIDEFORD AND DISTRICT HOSPITAL,E92000001,TBS0048
8D01039E-986E-4E26-AD3E-2E30729DA071,BILLINGE HOSPITAL,E92000001,TBS0049
86101239-4962-40A4-90F3-48D6FD2BF8E2,BINGLEY HOSPITAL,E92000001,TBS0050
4E872775-EF55-4AD9-B176-27C9CF4E61EF,BIRCH HILL HOSPITAL,E92000001,TBS0051
A13D2E29-6F40-488F-8FC4-BA84101CFE0F,BIRKDALE CLINIC (CROSBY),E92000001,TBS0051
716C4D1E-34FC-4EB7-AC79-E65B3B5AF255,BIRMINGHAM CHEST CLINIC,E92000001,TBS0051
98F248AE-6791-40A6-B241-5753041596DB,BIRMINGHAM CHILDREN'S HOSPITAL,E92000001,TBS0051
F6558AD2-1DF5-4D80-8F5D-17FA2235B97B,BIRMINGHAM WOMENS HOSPITAL,E92000001,TBS0052
56B105CC-0F86-4260-B421-7F93628879DD,BISHOP AUCKLAND GENERAL HOSPITAL,E92000001,TBS0053
C80BB3A7-EEF4-48A6-AEED-A3E6EA055B17,BISHOPS WOOD HOSPITAL,E92000001,TBS0053
E3792B8F-19F7-4AE1-AD55-43655AE27012,BLACKBERRY HILL HOSPITAL,E92000001,TBS0053
91D21969-295E-4A6E-A936-723EBD16E496,BLACKHEATH HOSPITAL,E92000001,TBS0053
A5804ACC-75EB-42AC-BA4D-66867CF52964,BLACKPOOL VICTORIA HOSPITAL,E92000001,TBS0053
35CE13F9-A65C-424F-8309-B0FBDF769557,BLAINA & DISTRICT HOSPITAL,W92000004,TBS0053
904AC274-F26B-4B8A-9FE3-8AB27CCA3E9F,BLANDFORD COMMUNITY HOSPITAL,E92000001,TBS0053
49AE657F-2A66-4674-8ABA-060BC6388A08,BLT PRIVATE HOSPITALS,E92000001,TBS0054
3EF911AF-689D-41AE-8125-DCBB121C7C66,BLYTH COMMUNITY HOSPITAL,E92000001,TBS0054
A63548AF-FE08-47CF-ACD0-D9EA702B4E0C,BODMIN HOSPITAL,E92000001,TBS0054
23C0EA5A-A196-4A80-A923-055631FD6866,BOGNOR REGIS WAR MEMORIAL HOSPITAL,E92000001,TBS0054
1B917FE6-3FB7-4FBA-B5F5-744C69F9CA60,BOLINGBROKE HOSPITAL,E92000001,TBS0054
E738594B-19EF-4A88-9DBF-A5A7A5FF443A,BOLITHO HOSPITAL,E92000001,TBS0054
1199D23B-65F8-49A9-AEE1-EAFEBA2DDCAE,BOOTH HALL HOSPITAL,E92000001,TBS0054
CDFA84D5-E31D-4920-BFF0-53CBC78142F4,BOOTHAM PARK HOSPITAL,E92000001,TBS0055
D0424F82-F884-450E-B259-821F08F1C29F,BOSCOMBE COMMUNITY HOSPITAL,E92000001,TBS0056
E8324D8B-03AB-47C6-8385-514FAC6DCA6A,BOURNE HEALTH CLINIC,E92000001,TBS0056
9857FF70-D992-4E8D-B97D-D174B70DFB74,BOVEY TRACEY HOSPITAL,E92000001,TBS0056
70F2CCA0-2289-4482-9EBF-0BE8E031203F,BOWOOD DAY HOSPITAL,E92000001,TBS0057
1C39B75B-BA22-4574-AFC0-459C0009D4B7,BRACKLEY COTTAGE HOSPITAL,E92000001,TBS0057
CBCC7E03-0E5C-40B8-9DD2-E1E4CA2F2145,BRADFORD ON AVON COMMUNITY HOSPITAL,E92000001,TBS0058
69870407-443D-458E-9190-565F8E08127A,BRADFORD ROYAL INFIRMARY,E92000001,TBS0059
5C0068E6-FA8E-43DE-AD7E-6D2B7C497E10,BRADWELL HOSPITAL,E92000001,TBS0059
1BDBC2B9-1971-4AF8-AC2A-D3A8F06B8399,BRAMCOTE HOSPITAL,E92000001,TBS0060
476FEC49-F090-42F4-9C7C-058E1C10E226,BRAMPTON WAR MEMORIAL HOSPITAL,E92000001,TBS0060
C9235F5D-775F-40DE-AA3B-C9DEC5678D73,BRENTFORD HOSPITAL,E92000001,TBS0061
037BD8F1-701F-4DFC-A685-7CEA2327C806,BRENTWOOD COMMUNITY HOSPITAL,E92000001,TBS0062
9DF0C003-65CB-4C9B-A667-8EBA40D5FE62,BRIDGEWAYS DAY HOSPITAL,E92000001,TBS0062
5A943494-26BD-4C4E-8277-5ED74D4D55D5,BRIDGNORTH HOSPITAL,E92000001,TBS0062
097EA09C-71A4-4178-BF54-C2858AD9D493,BRIDGWATER HOSPITAL,E92000001,TBS0063
3E39AAE9-008B-4CD9-89E4-40D94FCB49DD,BRIDLINGTON & DISTRICT HOSPITAL,E92000001,TBS0063
BB4484B3-B0CA-4E63-88F6-CB84192835B2,BRIDPORT COMMUNITY HOSPITAL,E92000001,TBS0064
02ECFB85-CDAB-4A30-B29D-18277190DE8F,BRIGHTON GENERAL HOSPITAL,E92000001,TBS0064
6A87886F-97B7-40AB-813A-F063C8222A94,BRISTOL EYE HOSPITAL,E92000001,TBS0064
303E9E42-6D29-43A2-858C-E67554BA4ED9,BRISTOL GENERAL HOSPITAL,E92000001,TBS0064
CF060C72-425B-47AC-A892-891658B59481,BRISTOL HOMOEOPATHIC HOSPITAL,E92000001,TBS0064
5AC5C52F-75FF-4787-9FCB-655E7020B3F9,BRISTOL ROYAL HOSPITAL FOR CHILDREN,E92000001,TBS0064
F026FDCD-7BAF-4C96-994C-20E436CC8C59,BRISTOL ROYAL INFIRMARY,E92000001,TBS0065
6FE27200-3464-48AF-99F3-745C6A868089,BRIXHAM HOSPITAL,E92000001,TBS0065
3D46D50F-22D7-44FA-BC9C-358C9A00DCFA,BRO DDYFI COMMUNITY HOSPITAL,W92000004,TBS0065
3A356B79-9FCE-4193-8F6A-B43DE3D74D7B,BROADGREEN HOSPITAL,E92000001,TBS0065
EEB163A4-245B-403D-838C-F03B4E195B5C,BROMYARD COMMUNITY HOSPITAL,E92000001,TBS0066
BC985EEA-5F97-4E02-8BEA-C7987FCFA7DD,BRON Y GARTH HOSPITAL,W92000004,TBS0067
1F801293-D20C-41C7-8F65-808F8092543B,BRONGLAIS GENERAL HOSPITAL,W92000004,TBS0068
8B46B848-3543-4DCA-98B7-E6148AA6AFB3,BRONLLYS HOSPITAL,W92000004,TBS0069
2C8BA49A-64A7-43FA-81EB-A072B2A0253B,BROOKLANDS HOSPITAL,E92000001,TBS0070
D9863306-F367-4FFB-92FA-90301DDABF2A,BROOMFIELD HOSPITAL,E92000001,TBS0071
37545212-7893-400A-A413-6E75F79500AC,BRYN BERYL HOSPITAL,W92000004,TBS0072
8F58E133-4D63-4527-A5C8-29A4EB1A726E,BRYN Y NEUADD DAY HOSPITAL,W92000004,TBS0073
DFE60214-36BA-43CB-B863-401A259747EB,BRYNMAWR INTERIM DAY HOSPITAL,W92000004,TBS0074
7FE7D00A-F53A-4069-A4EC-0065F14C2339,BRYNSEIONT HOSPITAL,W92000004,TBS0075
2FEFBF18-8FED-467A-86AF-CFC54D14964D,BUCKINGHAM HOSPITAL,E92000001,TBS0076
82B70E77-FB46-44F1-85DF-4809167BEF8B,BUCKLAND HOSPITAL,E92000001,TBS0076
87EC205D-9067-4C55-B3B2-0595705AF675,BUCKNALL HOSPITAL,E92000001,TBS0077
C39362BE-0A0C-440A-A471-5DAA4D41B33A,BUDOCK HOSPITAL,E92000001,TBS0077
65E05417-0C38-40A8-BC03-A60AC083CDD8,BUILTH WELLS COTTAGE HOSPITAL,W92000004,TBS0077
FCECC812-B678-42B4-9273-D7766014E515,BURDEN NEUROLOGICAL HOSPITAL,E92000001,TBS0077
4B61F76E-B9A2-4AEF-A403-95A0E922B603,BURNHAM ON SEA WAR MEMORIAL HOSPITAL,E92000001,TBS0078
AA31ED2B-808A-4919-8F7C-BCA57AA9B2E1,BURNLEY GENERAL HOSPITAL,E92000001,TBS0079
94259DEC-CB66-438A-9D2B-2D0E7F707FCA,BURY GENERAL HOSPITAL,E92000001,TBS0080
D6BF4347-D6C1-49C2-9EAC-F3CB57E082CC,BUTLEIGH HOSPITAL,E92000001,TBS0081
D059DD3F-7EE1-4FD3-BDD1-56034E08E99F,BUXTON HOSPITAL,E92000001,TBS0082
AB3317D3-F91E-408F-A639-D6F322B6FA0F,CAERNARFON COTTAGE HOSPITAL,W92000004,TBS0083
85D14BCC-8351-47F8-BFB9-000534F66834,CAERPHILLY DISTRICT MINERS HOSPITAL,W92000004,TBS0084
BFAA15E7-93F6-4B1A-822D-7A6BF5E1ECB6,CALDERDALE ROYAL HOSPITAL,E92000001,TBS0085
265BA139-52F9-4207-B10A-FEEDB861CF85,CALDERSTONES HOSPITAL,E92000001,TBS0086
B481C80C-FEAD-4B41-9EB7-5BCC7DCA7D7B,CAMBORNE REDRUTH COMMUNITY HOSPITAL,E92000001,TBS0086
8E3A276F-E332-4BBF-955A-16EC59556460,CANNOCK CHASE HOSPITAL,E92000001,TBS0086
6385964D-19AF-4FB0-AC9F-122A64305752,CAPIO OAKS HOSPITAL,E92000001,TBS0086
C07E2713-E938-4F52-92FF-EF19624EB235,CAPIO READING HOSPITAL,E92000001,TBS0087
383386F0-421F-46D6-B037-B73B44BE95AD,CAPIO RIVERS HOSPITAL,E92000001,TBS0088
2906E828-41E8-47A6-9FD4-3DA2E1FF9A06,CARDIFF ROYAL INFIRMARY,W92000004,TBS0089
9C8A6802-5175-45B4-8A62-82D19C5377CE,CARDIGAN & DISTRICT MEMORIAL HOSPITAL,W92000004,TBS0089
023F1000-B4D1-4887-B601-333A87BB6514,CARLTON HEALTH CLINIC,E92000001,TBS0090
470649C0-3F2F-4F13-A23D-FCB1D6B9B6E4,CASTLE HILL HOSPITAL,E92000001,TBS0091
3ED63450-486C-4ADE-A188-07F6C9E8139D,CASTLEBERG HOSPITAL,E92000001,TBS0092
A4DDFF83-2C02-4377-A034-0304E5E3C374,CASTLEFORD & NORMANTON DISTRICT HOSPITAL,E92000001,TBS0093
7E12C815-5491-4CF9-AA03-5F4528AED0E4,CATERHAM DENE HOSPITAL,E92000001,TBS0094
160B52AD-9881-4C07-930C-933315DAB76E,CAUSEWAY HOSPITAL,N92000002,TBS0095
6EA6858C-CF45-4143-8359-02FE6294CCDA,CAVELL HOSPITAL,E92000001,TBS0095
9A45C03F-AB96-45A7-8F11-36C4BB210F60,CAVENDISH HOSPITAL,E92000001,TBS0095
AE531D23-0411-47EE-B5A4-29E7074B7E21,CEFN COED DAY HOSPITAL,W92000004,TBS0096
36029668-0D6E-4AD8-A578-D6B0BAACE5A2,CEFNI HOSPITAL,W92000004,TBS0097
A01EF32A-F363-4276-B02F-256F6ACDFE58,CENTRAL MIDDLESEX HOSPITAL,E92000001,TBS0098
B0DD2CCD-A351-4621-92E7-8ADACB8E55B4,CHADWELL HEATH HOSPITAL,E92000001,TBS0099
214EC28C-2A69-4940-89EF-136BC462DFBE,CHALFONT'S & GERRARDS CROSS HOSPITAL,E92000001,TBS0100
97E4AC81-920C-4877-9151-96B8AEF40C36,CHANTRY HOUSE DAY HOSPITAL,E92000001,TBS0100
1A498852-EF37-4A94-9A87-44FBA3869B70,CHAPEL ALLERTON HOSPITAL,E92000001,TBS0100
E7CF1925-02B2-4761-A526-98733667E908,CHARD & DISTRICT HOSPITAL,E92000001,TBS0101
AC2A5BD8-B96B-4C0C-9540-6E9539FAFD52,CHARING CROSS HOSPITAL,E92000001,TBS0102
23D82B05-D327-4ACA-B01F-AFC856FB21A4,CHARTER MEDICAL CENTRE,E92000001,TBS0103
514246AE-1E23-41C2-A6DB-2BD6E4A9DF4B,CHASE FARM HOSPITAL,E92000001,TBS0104
F7D4B02A-494C-466E-B7D6-9A11CB09267A,CHASE HOSPITAL,E92000001,TBS0105
5AB01D61-CF4B-46EC-8792-44632E8A7E4C,CHATSWORTH SUITE,E92000001,TBS0106
3D450887-56AD-48F6-9599-FDF5625126D4,CHAUCER HOSPITAL,E92000001,TBS0106
DD30AAD5-4955-43FC-806E-3700ED14257E,CHEADLE HOSPITAL- NORTH STAFFS COMBINED HEALTHCARE,E92000001,TBS0106
60593BE6-CC9F-4A86-BBC0-F65DA4B79B51,CHEADLE ROYAL HOSPITAL,E92000001,TBS0107
379D9D0F-A629-4D21-BDBB-1702F2960EE8,CHELMSFORD & ESSEX HOSPITAL,E92000001,TBS0107
5B733263-B172-492B-9FA2-81D5CD867D6D,CHELSEA & WESTMINSTER HOSPITAL,E92000001,TBS0107
590B226A-D7F6-4F1C-A30E-F94A0A1BA53F,CHELSFIELD PARK HOSPITAL,E92000001,TBS0107
81F824FB-01F7-4941-BBD6-17A7E9A7A77F,CHELTENHAM GENERAL HOSPITAL,E92000001,TBS0107
20C6E25B-CA1F-46F4-A52C-27036A7858D4,CHEPSTOW COMMUNITY HOSPITAL,W92000004,TBS0107
121C9756-16E7-4186-A1D4-E36B51B57DFB,CHERRY KNOWLE HOSPITAL,E92000001,TBS0108
9E12885C-7511-4266-8EB9-19175F116167,CHERRY TREE HOSPITAL,E92000001,TBS0108
C2E5388F-A002-4E74-B924-AE34EB7FD6B0,CHESHUNT COMMUNITY HOSPITAL,E92000001,TBS0108
938E9578-51E7-4BC6-8760-97069A6CF535,CHESTER LE STREET HOSPITAL,E92000001,TBS0108
4FC9EC5F-E93E-4447-9CDD-62A8F8E8170F,CHESTERFIELD ROYAL HOSPITAL,E92000001,TBS0109
225FAD12-BE15-414D-8E4C-178F7C6AA763,CHILTERN HOSPITAL,E92000001,TBS0109
4513E509-0E43-4C2F-B4B4-9ABD4D81A856,CHINGFORD HOSPITAL,E92000001,TBS0109
F0D93C98-3A4D-4EFD-90B6-70D7CFB25617,CHIPPENHAM COMMUNITY HOSPITAL,E92000001,TBS0109
2E32407C-B568-447F-8C4A-052DD3A1FD67,CHIPPING NORTON HOSPITAL,E92000001,TBS0109
842F158F-9354-4222-81C5-E4416E37255E,CHIRK COMMUNITY HOSPITAL,W92000004,TBS0109
2FF75D5A-0145-4912-AFA5-9D52C63BCD68,CHORLEY & SOUTH RIBBLE HOSPITAL,E92000001,TBS0109
D804BEBD-F872-4B4A-868E-6879A0BF4BCE,CHRISTCHURCH HOSPITAL,E92000001,TBS0109
545E51B4-30F1-4A2B-BC99-A4103E00B963,CHRISTIE HOSPITAL,E92000001,TBS0109
ED941380-859C-4C53-AED0-1F4655A8DA3E,CHURCH HILL HOUSE HOSPITAL,E92000001,TBS0110
FE42EDE2-95F5-4A2B-A6F9-6C7B4FD66BF4,CHURCHILL HOSPITAL,E92000001,TBS0110
EDA85B84-4400-49FE-A011-CC06EA57AEE3,CIRENCESTER HOSPITAL,E92000001,TBS0111
65F565DA-C32C-4DC3-A357-08D4022F334B,CITY GENERAL HOSPITAL [S-O-T],E92000001,TBS0112
2A4B6534-5B02-47BF-8C3D-C7FDCF8EAF61,CITY HOSPITAL [BIRMINGHAM],E92000001,TBS0113
22DDD848-F889-4A26-8B48-1B70D5D77719,CLACTON AND DISTRICT HOSPITAL,E92000001,TBS0114
51F9C113-1D15-4A02-B1A8-3D7EDB3FEFDB,CLATTERBRIDGE HOSPITAL,E92000001,TBS0115
17340CDE-67C7-4203-9957-AFA0C3275895,CLAYTON HOSPITAL,E92000001,TBS0116
74BF9182-DDD1-4BF5-87F0-D3195A79F0A9,CLEMENTINE CHURCHILL HOSPITAL,E92000001,TBS0117
FE6A5F2D-0389-45DE-8391-56D5B0F65374,CLEVEDON HOSPITAL,E92000001,TBS0118
312B9DF1-B85B-4B11-94E8-4B2034125B3F,CLIFTON HOSPITAL,E92000001,TBS0119
68806AFC-E4A9-472B-8899-BA0426B1EBE5,CLITHEROE COMMUNITY HOSPITAL,E92000001,TBS0119
5D9E6668-DF0B-4235-A9F7-E047A5EED8A3,CLYDACH WAR MEMORIAL HOSPITAL,W92000004,TBS0119
3F1725C7-758A-42A4-AB5D-21EE6AD2C8D5,COCKERMOUTH COMMUNITY HOSPITAL,E92000001,TBS0119
0EEE2EC2-1F3E-4175-BE90-85AA33F0686C,COLCHESTER GENERAL HOSPITAL,E92000001,TBS0119
6614EACB-155F-4A13-ABA1-C585877BC9A6,COLERAINE HOSPITAL,N92000002,TBS0119
5E32E34A-16CD-4287-9788-D243793F1BA8,COLWYN BAY COMMUNITY HOSPITAL,W92000004,TBS0119
1E1A4FB3-B8E4-4162-AB5F-913CEB70E007,COMPTON HOSPICE,E92000001,TBS0119
2B5F6287-4B9F-4EB6-97C3-ABBBFBFEB84E,CONGLETON WAR MEMORIAL HOSPITAL,E92000001,TBS0119
4B90F8DA-261C-44AF-B4AD-D91FBE6915A4,CONQUEST HOSPITAL,E92000001,TBS0119
778A2FAE-8EB6-440B-B2C6-056B637B94E7,COOKRIDGE HOSPITAL,E92000001,TBS0119
3B194A7C-455B-4DBD-A9C7-95ACC378E68E,COQUETDALE COTTAGE HOSPITAL,E92000001,TBS0119
7B4CE341-B369-4FA4-8410-15FD7E5A7499,CORBETT HOSPITAL,E92000001,TBS0119
A6C371F6-A52E-4821-BB68-C59E7F0A3B1E,CORBY COMMUNITY HOSPITAL,E92000001,TBS0120
75A8D82B-93A2-411F-B082-B26FDE40217D,CORONATION HOSPITAL,E92000001,TBS0121
85364A25-A67D-4194-83F0-D48E848B3FAC,COSSHAM HOSPITAL,E92000001,TBS0122
7BCB517F-6CF3-4396-9D17-FA116D8ECE59,COUNTESS OF CHESTER HOSPITAL,E92000001,TBS0123
39395BD2-5F8C-4F1A-9245-E4337817E278,COUNTY HOSPITAL [DURHAM],E92000001,TBS0123
F40B47DB-0D19-40A3-80B1-55458B7CA68B,COUNTY HOSPITAL [PONTYPOOL],W92000004,TBS0123
FA8F6EE9-81A3-4D37-BA59-2399036597E9,COVENTRY & WARWICKSHIRE HOSPITAL,E92000001,TBS0124
C5DB5F25-9997-4DF8-8C5F-9307C5005843,CRAIGAVON AREA HOSPITAL,N92000002,TBS0124
3871AA2D-B501-4E53-8D6E-346BEEBE9167,CRANLEIGH HOSPITAL,E92000001,TBS0125
62BE61A4-7D43-415B-BAAE-92E83E521140,CRANLEIGH VILLAGE HOSPITAL,E92000001,TBS0126
6E27A0ED-58D1-4A1A-93BB-D757594C6A1B,CRAWLEY HOSPITAL,E92000001,TBS0127
D2207ECD-576B-43B9-9A26-BBE647C96C0A,CREDITON HOSPITAL,E92000001,TBS0128
87F31E3D-D28F-4F61-8B8C-17FFEF38E149,CREWKERNE HOSPITAL,E92000001,TBS0129
C910F3D0-3549-4AE8-BE9B-3A1EE795B22E,CROMER HOSPITAL,E92000001,TBS0130
E78D3E47-1F78-4873-BEF0-105912A4A28A,CROSS LANE HOSPITAL,E92000001,TBS0131
9E4FD059-9F62-4E75-B049-33BF60D7E594,CROWBOROUGH WAR MEMORIAL HOSPITAL,E92000001,TBS0131
9718B416-B72A-4FE0-B394-C59F0ADD5D7E,CUMBERLAND INFIRMARY,E92000001,TBS0132
96F950FB-2331-413C-966E-5B7CF4C1C4A3,CYMLA DAY HOSPITAL,W92000004,TBS0133
4C86A46C-F9C9-45EA-8F85-409731B2D9E2,DAISY HILL HOSPITAL,N92000002,TBS0134
AE1BC8C1-6025-455B-900D-9476965E1904,DANETRE HOSPITAL,E92000001,TBS0135
21C98B1A-BCE5-482D-BCDD-A66090ACDD31,DARENT VALLEY HOSPITAL,E92000001,TBS0136
337014AB-D284-4E98-8AE6-65D00232FC8B,DARLINGTON MEMORIAL HOSPITAL,E92000001,TBS0137
DB50FE9A-3561-4848-8AA7-F04EF2F69FA2,DARTMOUTH HOSPITAL,E92000001,TBS0137
C562C7B6-2CF8-4EC1-8CB2-2FD0D40169AA,DAWLISH HOSPITAL,E92000001,TBS0137
63824924-492D-4E99-92F9-92FCEF210FF0,DEESIDE COMMUNITY HOSPITAL,W92000004,TBS0137
DED7A769-FDED-46FF-864D-F0D687DB5B61,DELANCEY HOSPITAL,E92000001,TBS0137
FF098A16-6549-4B31-AE3F-E23F5D68713E,DELLWOOD HOSPITAL,E92000001,TBS0137
1087F367-CE99-4BCD-B7E1-704CBFD9105D,DENBIGH COMMUNITY HOSPITAL,W92000004,TBS0137
1A2AD18F-94EF-4C63-AB09-40AC192343C7,DENMARK ROAD DAY HOSPITAL,E92000001,TBS0137
ECBC8D01-BD24-4F9F-85A7-CF3D3F4D4F22,DERBY CITY GENERAL HOSPITAL,E92000001,TBS0137
90554DE3-8D9A-4332-BFA6-AC3C174A00DD,DERBYSHIRE ROYAL INFIRMARY,E92000001,TBS0137
29F693F4-4738-4163-A6A5-71005D9601BB,DEREHAM HOSPITAL,E92000001,TBS0138
D32FE9DB-0260-4107-A1F0-2F1E2C7615A4,DERRIFORD HOSPITAL,E92000001,TBS0138
868DBE9D-8A26-4E06-AE43-9ABEB6202AEC,DEVIZES COMMUNITY HOSPITAL,E92000001,TBS0139
1EBCB983-55D2-4365-AE0F-C91D1D19EF86,DEVONSHIRE ROAD HOSPITAL,E92000001,TBS0139
9324DFBA-F970-4D80-89A5-4AF86AB62ED5,DEWI SANT DAY HOSPITAL,W92000004,TBS0140
41E962F8-D31B-445D-A58D-6D91B74BF966,DEWSBURY & DISTRICT HOSPITAL,E92000001,TBS0140
CCEF02E8-9448-4762-84C3-36E16F0BF43E,DIANA PRINCESS OF WALES HOSPITAL,E92000001,TBS0140
E88B61BA-4D65-4A7C-B7B2-833A86472322,DIDCOT COMMUNITY HOSPITAL,E92000001,TBS0140
DB51D970-E418-4755-B7CD-BEEDEB36137F,DILKE MEMORIAL HOSPITAL,E92000001,TBS0140
BD6DC2E0-43D6-42D7-8F78-D424ABEAEF2B,DOLGELLAU & BARMOUTH DISTRICT HOSPITAL,W92000004,TBS0141
98BCE02C-7F69-4CEE-9F1F-8ECB6667FA7F,DONCASTER GATE HOSPITAL,E92000001,TBS0142
344852E4-4684-4297-B44C-20DE42C8234F,DONCASTER ROYAL INFIRMARY,E92000001,TBS0142
4A1177F9-6A35-43E9-B106-C309BD5313DD,DORKING GENERAL HOSPITAL,E92000001,TBS0142
7337C2EC-97E0-44B9-B72C-1A7F5408884C,DORSET COUNTY HOSPITAL,E92000001,TBS0143
086A670B-BBED-49F5-879E-6F402A43309C,DOUGLAS MACMILLAN HOSPICE,E92000001,TBS0144
80FFE3CC-BABA-4785-963C-81B6A30A217D,DOVE DAY HOSPITAL,E92000001,TBS0145
4BBF4924-B27A-4EC3-94AE-DF1004EC415C,DOWNE HOSPITAL,N92000002,TBS0146
BE016DF2-0002-46B3-AFA2-EB4BE27CDA7D,DROITWICH SPA HOSPITAL,E92000001,TBS0147
24766CB2-0F78-4C8F-A188-57F1E3FE9A30,DRYDEN ROAD DAY HOSPITAL,E92000001,TBS0148
2A3B7E0E-7E95-4090-ACFF-D4759996A3CD,DUCHESS OF KENT HOSPITAL,E92000001,TBS0149
131CCAFA-9147-4BD3-93F4-157C70B56B4B,DUCHY HOSPITAL,E92000001,TBS0150
3074F823-EB92-47B5-B434-75B860C5D7CC,DUNEDIN HOSPITAL,E92000001,TBS0151
3BE2648F-D5B5-4E8D-880C-AB4DBEB989A6,DUNSTON HILL HOSPITAL,E92000001,TBS0152
B2EFE4A8-51F0-452B-9A9B-6B6D4CE1CA69,DURHAM COMMUNITY HOSPITAL,E92000001,TBS0153
0EF08231-4B51-4887-91CB-316408C02657,EALING HOSPITAL,E92000001,TBS0154
D6F1B12C-0200-42C7-B8E9-7D2BDDE46969,EAST SURREY HOSPITAL,E92000001,TBS0155
A08D156F-0224-486C-850E-785408B7489A,EASTBOURNE DISTRICT GENERAL HOSPITAL,E92000001,TBS0156
F835D1AB-0E33-4291-B567-60AAC42F8C6E,ECH - EAST CLEVELAND HOSPITAL,E92000001,TBS0157
B700B31E-6D6D-4EE5-90C7-5680B8CF34D7,EDENBRIDGE WAR MEMORIAL HOSPITAL,E92000001,TBS0157
DE747D91-AA94-411E-A7C0-55873C96AD2C,EDGBASTON HOSPITAL,E92000001,TBS0157
891688FD-D707-4413-BEF4-D6692E1582D0,EDGWARE HOSPITAL,E92000001,TBS0157
13B6C143-587D-46F8-BA7B-5341482066F4,EDITH CAVELL HOSPITAL,E92000001,TBS0158
80948EDB-30FA-4D22-8F2C-C9BCC886C6EE,EDWARD HAIN HOSPITAL,E92000001,TBS0159
17F93FFC-01E5-48E1-B1FD-10FC7308F9EC,ELDERLY DAY HOSPITAL,E92000001,TBS0160
A25A8A6C-4223-437E-A1A4-96894227549C,ELIZABETH GARRETT ANDERSON HOSPITAL,E92000001,TBS0160
14476A1D-6DB0-49AE-BF4D-C0D95B51AF21,ELLEN BADGER HOSPITAL,E92000001,TBS0160
7AAEC4BA-FEE4-4DB5-8498-DF3987BB620F,ELLESMERE PORT HOSPITAL,E92000001,TBS0160
8218A639-27B1-4A8C-8F44-3CA722294C4F,ELMS DAY HOSPITAL,E92000001,TBS0160
F8D1338D-9DB8-4866-B060-C3CA4A7A3D08,EMSWORTH HOSPITAL,E92000001,TBS0160
BC9D011B-B150-4D67-843F-D52FCC7C026A,EPSOM GENERAL HOSPITAL,E92000001,TBS0160
66290930-5CFE-40E1-96C0-D918F90F4191,ERITH & DISTRICT HOSPITAL,E92000001,TBS0161
84EF9B5F-CD49-4C74-9CD3-A2E613A86674,ERNE HOSPITAL,N92000002,TBS0162
6FE59DE3-1917-4F36-BF38-610259F71378,ERYRI HOSPITAL,W92000004,TBS0163
126BC5EF-CDE0-4747-96AA-02AA804865FF,ESPERANCE HOSPITAL,E92000001,TBS0164
509797DA-05A6-4C9E-8168-D46A7F22D867,ESPERANCE PRIVATE HOSPITAL,E92000001,TBS0165
26B1F5B9-CFC1-46ED-9984-DFACDF41544D,ESSEX COUNTY HOSPITAL,E92000001,TBS0166
7ADE1B25-109F-4B96-8EED-7FC6C7B32D6B,EUXTON HALL HOSPITAL,E92000001,TBS0167
2C136D6D-D644-4CF2-A995-B2F9E5218A4D,EVESHAM COMMUNITY HOSPITAL,E92000001,TBS0168
DC90BC15-6EBE-4D24-B9D1-D1D2B2ACE8EB,EXMOUTH HOSPITAL,E92000001,TBS0169
F07E8EB9-D4AE-4591-B27E-D858BE34FBA2,FAIRFIELD GENERAL HOSPITAL,E92000001,TBS0170
E59DAA5F-B8F2-441D-B116-9A5EB1BA05CD,FAIRFORD HOSPITAL,E92000001,TBS0171
65937CD7-855C-4E0B-AFBB-354D10942588,FAIRWOOD HOSPITAL,W92000004,TBS0172
101C3E99-BEFB-48C9-BCD1-7C716197FA11,FALMOUTH HOSPITAL,E92000001,TBS0173
4F27A05E-B05B-4A76-8AE7-358D947C59C9,FARNHAM HOSPITAL,E92000001,TBS0174
6DC8B7BA-3315-49AE-AA00-9F7649998706,FARNHAM ROAD HOSPITAL,E92000001,TBS0175
7A96BB0C-38D0-4B16-BF21-4F49DF83D86F,FAVERSHAM COTTAGE HOSPITAL,E92000001,TBS0176
200ADD54-AEAE-4AE8-83FB-C17F4086B86F,FAWKHAM MANOR HOSPITAL,E92000001,TBS0176
A147D206-4A86-4665-BC81-21C651334073,FELIXSTOWE HOSPITAL,E92000001,TBS0176
CC2A4A36-92DD-4AC1-97EE-9648940A0DEA,FENWICK HOSPITAL (PERIPHERAL CLINIC),E92000001,TBS0177
4770940A-F28C-4179-BAC6-9F99D56AA7A5,FFESTINIOG MEMORIAL HOSPITAL,W92000004,TBS0178
A7ECCEEB-EA05-42E8-A6EF-0119E309C5A6,FIELDHEAD HOSPITAL,E92000001,TBS0179
CF00498B-DBB6-48F1-83EC-AAE4572DAAD4,FINCHLEY MEMORIAL HOSPITAL,E92000001,TBS0180
06E43793-C2A7-45DB-91F1-7A32882C7437,FISHERMEAD MEDICAL CENTRE,E92000001,TBS0181
025DCD69-EFB7-45F4-9B02-8C260CFC77F4,FITZWILLIAM HOSPITAL,E92000001,TBS0181
F9454382-9FBD-4524-8B65-04C1B449469C,FLEET HOSPITAL,E92000001,TBS0181
1EE2B39A-428F-44C7-B4BB-000649636591,FLEETWOOD HOSPITAL,E92000001,TBS0181
DF9A25F3-DADE-4FCC-ACDE-82E8AE84B5FB,FLINT COMMUNITY HOSPITAL,W92000004,TBS0181
6AC374A6-4151-40A4-943E-4E9F42D30B36,FORDINGBRIDGE HOSPITAL,E92000001,TBS0182
12F92666-3A55-49EA-B298-A996411385CF,FORGLEN DAY HOSPITAL,W92000004,TBS0182
73A5DF50-EE94-4DD2-B0B0-E00BEF38FFF9,FOSCOTE HOSPITAL,E92000001,TBS0183
96FA60E4-55DF-43A9-BB6E-86E303CD2D67,FRANKLYN COMMUNITY HOSPITAL,E92000001,TBS0184
802123FA-680B-4D03-BF0A-8D4D53C38067,FREEMAN HOSPITAL,E92000001,TBS0185
7C5C250B-619D-4BDA-9DFB-24B7C580C76C,FRENCHAY HOSPITAL,E92000001,TBS0186
76E51312-1E1B-42C2-8059-6FFB0DAE1EAE,FRIARAGE HOSPITAL,E92000001,TBS0187
F025FBE2-464A-4F53-AA78-6E02C5C116B3,FRIARY HOSPITAL,E92000001,TBS0188
44C3608F-231E-4DD7-963C-4492D804E894,FRIMLEY PARK HOSPITAL,E92000001,TBS0189
2C18E17D-0E80-4342-8C85-4839F71C45EF,FROME VICTORIA HOSPITAL,E92000001,TBS0190
1CF07CB2-B6B4-44F0-9161-8E4349A7FBEE,FRYATT HOSPITAL AND MAYFLOWER MEDICAL CENTRE,E92000001,TBS0191
51E00361-B228-4E21-8EFD-06EDD9CBB42C,FULWOOD HALL HOSPITAL,E92000001,TBS0192
D788A508-76BE-494D-98B1-69319C71CFF8,FURNESS GENERAL HOSPITAL,E92000001,TBS0193
C3BF9AB5-A70F-425D-9C61-4D270AE5A80C,GARDEN HOSPITAL,E92000001,TBS0193
B302D0DD-7B4B-4A20-925F-BA0D951CA21E,GARNGOCH HOSPITAL,W92000004,TBS0194
2529C035-1CAD-4BD7-8B3A-E02227A12E05,GELLINUDD HOSPITAL,W92000004,TBS0194
49C09825-1BEC-45D2-A2E9-D6219C5B02EB,GENERAL LYING-IN HOSPITAL [LONDON],E92000001,TBS0195
DF8427D8-4E0E-45D4-AB5C-7BD9FDBB6A78,GEORGE ELIOT HOSPITAL,E92000001,TBS0195
E0E07649-EEDA-4DF2-BAEA-DDB6836D1AC4,GLAN CLWYD GENERAL HOSPITAL,W92000004,TBS0195
F5FB7F72-8DF9-4B9A-B5B3-680B9C19D11F,GLANRHYD HOSPITAL,W92000004,TBS0196
B77E9FFA-06F8-48D1-9FDC-668D0D13F772,GLENFIELD HOSPITAL,E92000001,TBS0196
A74EDA3A-BF03-49F6-A1BB-4BA277D6336B,GLENSIDE HOSPITAL,E92000001,TBS0196
3A1E6946-5300-4DE1-93AF-DE7452F7A809,GLOUCESTER HOUSE/ DORIAN DAY HOSPITAL,E92000001,TBS0196
628E70B0-AF6B-4FE6-B63A-36B3C116BEBF,GLOUCESTERSHIRE HOSPITALS NHS FOUNDATION TRUST,E92000001,TBS0196
DE919BA5-357F-4440-9E13-962762F90535,GLOUCESTERSHIRE ROYAL HOSPITAL,E92000001,TBS0196
1E558266-7DB6-445F-915D-42510A23E737,GOOD HOPE HOSPITAL,E92000001,TBS0197
392A986C-A664-46C9-9C1B-D7F7F5C30B06,GOOLE DISTRICT HOSPITAL,E92000001,TBS0198
BFE242B1-00BB-4E30-A0A8-9614BBD2FD52,GORDON HOSPITAL,E92000001,TBS0199
698F063B-FEAA-4921-B3B1-DB97668615D3,GORING HALL HOSPITAL,E92000001,TBS0200
EA38954B-B569-46B4-AC8F-E36A236EB4D2,GORSE HILL HOSPITAL,E92000001,TBS0200
6B3E8C14-2249-4D1B-B95B-2459CD4D86CB,GORSEINON HOSPITAL,W92000004,TBS0201
511FEDCE-81A6-44DA-AB0A-7950AE3762FC,GOSCOTE HOSPITAL,E92000001,TBS0202
D1DE4314-6221-4270-A11F-4C230DA0C71D,GOSPORT WAR MEMORIAL HOSPITAL,E92000001,TBS0203
698353FF-870C-4C0D-9F6B-011BD25F3787,GRANTHAM & DISTRICT HOSPITAL,E92000001,TBS0204
7640DEC2-6863-47BB-933B-B43DF54B0866,GRAVESEND AND NORTH KENT HOSPITAL,E92000001,TBS0205
3E7B18D4-4E67-44BD-9C49-4D8E75F18607,GREAT ORMOND STREET HOSPITAL CENTRAL LONDON SITE,E92000001,TBS0206
085D3235-827E-430E-B70D-B889B042AF97,GREAT WESTERN HOSPITAL,E92000001,TBS0207
9A60D410-2CE3-4611-82CF-B4A0196FF5E1,GREATER MANCHESTER WEST MENTAL HEALTH NHS TRUST,E92000001,TBS0208
B4E9975D-9BF3-4E8C-82BA-A7A777DCD912,GROESWEN HOSPITAL,W92000004,TBS0209
C717489D-8CA6-4DA9-91FA-F22BC9CD7427,GROVE CONVALESCENT HOSPITAL,E92000001,TBS0210
D586409A-1BF3-4B39-8D0E-7CA0537D1CEF,GROVE HOSPITAL,E92000001,TBS0211
F696AD39-F193-415C-9B25-E29A00AA2315,GUEST HOSPITAL,E92000001,TBS0212
4227EC35-4C3A-46AF-9BDF-61F0D87888F0,GUISBOROUGH GENERAL HOSPITAL,E92000001,TBS0213
1176DF5E-8FF1-414F-ABB7-0DB747120689,GULSON HOSPITAL,E92000001,TBS0214
6F7D6597-8FDB-4FCD-8642-7DB216B5DFF2,GUY'S HOSPITAL,E92000001,TBS0215
40EF3E55-4023-44E7-BDBC-DDDC966F3C29,H M STANLEY HOSPITAL,W92000004,TBS0216
B5D14F32-AB54-4FB0-BFA0-09C6D3AF9EEF,HAFEN COED M.I. DAY HOSPITAL,W92000004,TBS0217
0D43F157-C95D-49F9-9C8A-33B8F1321C37,HALSTEAD HOSPITAL,E92000001,TBS0218
677CE666-0152-44E2-8FA1-3B56D372B87A,HALTON HOSPITAL,E92000001,TBS0219
D6D3AD1B-1470-4840-BBD4-1127D47295CD,HALTWHISTLE WAR MEMORIAL HOSPITAL,E92000001,TBS0220
33C3BF94-1CFC-4778-A076-3A91E2EFAF75,HAM GREEN HOSPITAL,E92000001,TBS0221
E4AAAAD2-F694-491F-B83E-E35F43FCD643,HAMMERSMITH HOSPITAL,E92000001,TBS0222
CC2A6530-F000-4FD6-BC4E-33B1D7D861E6,HAMPSHIRE CLINIC,E92000001,TBS0223
70C91A44-6ABB-4866-841F-44550C2CB8CC,HARBOUR HOSPITAL,E92000001,TBS0224
5702D9BE-1222-44F9-BAEB-3BDFB1642FE8,HAREFIELD HOSPITAL,E92000001,TBS0225
1B1EDF62-EE5E-45CA-9AB1-1E76808C3423,HAROLD WOOD HOSPITAL,E92000001,TBS0226
9A14B7BB-89AD-440B-9FCC-CEA488A9DEAB,HARPENDEN MEMORIAL HOSPITAL,E92000001,TBS0227
9DF6AF00-F484-4F6C-8AA6-84ACC47C64AA,HARPERBURY HOSPITAL,E92000001,TBS0228
F11F97B1-3E83-4C7A-A5EF-06C1846CE98E,HARPLANDS HOSPITAL,E92000001,TBS0229
BC598AAF-F398-40FF-99AD-0C608BB47484,HARROGATE DISTRICT HOSPITAL,E92000001,TBS0230
B13452A4-BECF-4E6C-8EDF-2E6995B4C5A5,HARTISMERE HOSPITAL,E92000001,TBS0231
3D8FB352-645A-4A16-9AB2-DB0ED891C3BB,HASLEMERE HOSPITAL,E92000001,TBS0232
F261F4C6-1812-48A1-851F-90E88CAC5DDC,HAVANT WAR MEMORIAL HOSPITAL,E92000001,TBS0232
83AD62D2-28CE-4746-B2D2-FC92059A1FA4,HAVENWAY DAY HOSPITAL,W92000004,TBS0232
DE169D34-4DC6-4A05-87EB-20901416DAFB,HAWKHURST HOSPITAL,E92000001,TBS0232
A53AA091-D475-4F4E-BC7C-20361C476A29,HAYWOOD HOSPITAL,E92000001,TBS0232
23E2DE92-787D-4962-BC63-24D37B477A26,HEART HOSPITAL,E92000001,TBS0232
A79F488B-6E6D-420C-B7DB-F81B0657D1CE,HEARTLANDS HOSPITAL,E92000001,TBS0233
3BD5DDB5-9DCF-42B6-8BA7-AA16E9C7BBB3,HEATHERWOOD HOSPITAL,E92000001,TBS0233
6F8F4EF3-1F6F-4706-8EEC-461772615796,HEAVITREE HOSPITAL,E92000001,TBS0234
79B5D236-2766-4F92-9CE3-826EF6BC319D,HELSTON HOSPITAL,E92000001,TBS0234
29C2825C-016F-4F44-B899-EDA58CF2FABF,HEMEL HEMPSTEAD GENERAL HOSPITAL,E92000001,TBS0235
84EEBF2C-D40B-4E57-B392-8085EAF6FBDF,HERBERT HOSPITAL,E92000001,TBS0236
7B7A1322-E94D-4272-ADAE-75DD7DF17EE7,HEREFORD COUNTY HOSPITAL,E92000001,TBS0237
1859FF13-82F8-4851-BE86-8239FC495EED,HERTFORD COUNTY HOSPITAL,E92000001,TBS0237
F143CC8C-B3BD-4225-A0BA-2ECFCD46144C,HERTS AND ESSEX HOSPITAL,E92000001,TBS0237
1AAE3804-CCA4-4E8A-8E38-947C77A50230,HEXHAM GENERAL HOSPITAL,E92000001,TBS0238
330041E1-4952-4BBA-AB0E-71A36CD7B69B,HIGHBURY HOSPITAL,E92000001,TBS0239
7292E6AA-D4EE-41FC-A09E-CF9365B38C09,HIGHFIELD HOSPITAL,E92000001,TBS0239
9CADCAFD-3526-4AFC-8A4B-D1F1185C6E60,HIGHWOOD HOSPITAL,E92000001,TBS0241
5154DC63-F7CB-40C9-B612-3ABEC95E54ED,HILL HOUSE DAY HOSPITAL,W92000004,TBS0242
2CDCB5E9-4D13-4CB7-941C-5F6B8A45E7C2,HILLINGDON HOSPITAL,E92000001,TBS0243
67DA876C-AC6F-4B1B-8083-385F6ABB7FD1,HINCHINGBROOKE HOSPITAL,E92000001,TBS0244
8C3A922E-4F05-4E07-8143-37EC157DB294,HINCKLEY & DISTRICT HOSPITAL,E92000001,TBS0245
FE09A91E-AA63-47B0-9464-B00D32EBFE54,HOLBEACH HOSPITAL,E92000001,TBS0246
48614141-0CEE-4337-803C-9AE4E0B12AE3,HOLLINS PARK HOSPITAL GERIATRIC DAYCARE,E92000001,TBS0247
08B374A6-3D0D-462D-B39C-818DBBB17EC1,HOLLY HOUSE HOSPITAL,E92000001,TBS0248
3C55DD08-0747-470D-8A17-BA1DEB200662,HOLMEVALLEY MEMORIAL HOSPITAL,E92000001,TBS0249
21049817-2EED-40A9-BCCA-0E3B5F6185C1,HOLSWORTHY HOSPITAL,E92000001,TBS0250
3E855DA9-6A91-49D8-B94A-000863127F59,HOLYWELL COMMUNITY HOSPITAL,W92000004,TBS0251
1A69D10B-F4C7-4061-ABED-58F6131D45F7,HOMELANDS HOSPITAL,E92000001,TBS0252
01037C28-D804-437C-A7D8-7240BAC7E32C,HOMEOPATHIC HOSPITAL,E92000001,TBS0253
3AF604C4-15D8-4408-BE3C-4AFED220C84A,HOMERTON UNIVERSITY HOSPITAL,E92000001,TBS0253
584ECEAB-DA04-47C8-82DD-4AB23A1F6D21,HORN HALL HOSPITAL,E92000001,TBS0254
0463D983-C9AE-478C-8F7D-2593CC1D7BEF,HORNSEA COTTAGE HOSPITAL,E92000001,TBS0255
A2F561D5-4128-4EA5-B272-B4BD23DA30F4,HORSHAM HOSPITAL,E92000001,TBS0256
F7F36FFC-549A-4EA1-8802-3EFCF7B46AB6,HORTON GENERAL HOSPITAL,E92000001,TBS0257
0CB0050C-6FDD-4663-862F-F8BB2D5ECBEE,HOSPITAL FOR TROPICAL DISEASES,E92000001,TBS0258
5A13A8ED-D1EF-452C-BA33-DFC6332B07FC,HOSPITAL OF ST CROSS,E92000001,TBS0259
8C5315C5-AFBC-4A64-BF67-D8D0FFBE8B76,HRH PRINCESS CHRISTIAN'S HOSPITAL,E92000001,TBS0259
BC13B36E-D30D-4795-AA0E-D0A69894534C,HSH BROADMOOR HOSPITAL,E92000001,TBS0260
A02016F4-22D0-4181-BB0D-832801640419,HUDDERSFIELD HOSPITAL,E92000001,TBS0261
8E0B5799-0E39-42FC-BA4C-652CC6FBB918,HUDDERSFIELD ROYAL INFIRMARY,E92000001,TBS0262
A45D75E0-E056-4ADF-B269-00F09E89945F,HULL ROYAL INFIRMARY,E92000001,TBS0262
120555E5-8B92-4698-9377-A74BE41AC936,HUNTERS MOOR HOSPITAL,E92000001,TBS0262
02F37746-53F5-4651-94FC-BD3607E07709,HYDE HOSPITAL,E92000001,TBS0262
FB02A43A-455A-4E3C-A16E-3799BFCF6312,HYTHE HOSPITAL (PERIPHERAL CLINIC),E92000001,TBS0262
DC491BB8-C451-4EC3-B010-F83F826B6232,ILLKESTON COMMUNITY HOSPITAL,E92000001,TBS0263
2C046E90-E7B3-41F0-BC8D-39ACCFC0879F,IPSWICH HOSPITAL,E92000001,TBS0263
D0A0C2BD-6974-46E5-B18C-63A6812F1D41,ISEBROOK HOSPITAL,E92000001,TBS0263
B2AD12E9-2017-461F-8938-C6D04129BC04,JAMES COOK UNIVERSITY HOSPITAL,E92000001,TBS0263
293604AF-6D7E-43FE-8354-37E810D3BE14,JAMES PAGET HOSPITAL,E92000001,TBS0263
9DC201FB-9FE3-4960-92D7-8B8DB7F3A0EC,JOHN COUPLAND HOSPITAL,E92000001,TBS0263
8EC2B877-6D80-4D09-8DD0-314964F81A16,JOHN RADCLIFFE HOSPITAL,E92000001,TBS0264
B7A95499-6115-4C97-BA9F-8F2FBEF86169,JOHNSON HOSPITAL,E92000001,TBS0265
13737A9F-F4AA-4831-B151-EDD051EECF68,JOYCE GREEN HOSPITAL,E92000001,TBS0001
F8C58840-0164-47E2-AF08-9913CD994F64,KENT & CANTERBURY HOSPITAL,E92000001,TBS0002
811B7DF1-6B75-46D7-8BFE-04513996F7E0,KENT & SUSSEX HOSPITAL,E92000001,TBS0003
CEB2AA32-3740-43A3-AA8A-A153DA3CC82F,KETTERING GENERAL HOSPITAL,E92000001,TBS0004
00CAA2CD-0224-4B6D-BEEB-CAEDC8A6DD2A,KEYNSHAM HOSPITAL,E92000001,TBS0005
642B2EA5-16C2-4642-B811-B7920074A656,KIDDERMINSTER HOSPITAL,E92000001,TBS0006
F025F44D-515C-4E9C-AABE-E914D94E6694,KILLINGBECK HOSPITAL,E92000001,TBS0006
177E56F2-DD72-45E4-94C1-34244F00EDE9,KING EDWARD VII HOSPITAL [MIDHURST],E92000001,TBS0006
CEF2D5AD-29FA-4D9D-9DEE-549C7802A5F0,KING EDWARD VII HOSPITAL [WINDSOR],E92000001,TBS0006
B3997026-533F-4E18-AE41-4D24F0A0F3D5,KING GEORGE HOSPITAL,E92000001,TBS0006
DF433BC5-840A-42B2-B329-04DF152DE40E,KING'S COLLEGE HOSPITAL (DENMARK HILL),E92000001,TBS0007
0BA53CCA-6C30-4743-A21E-0664294E64D3,KING'S COLLEGE HOSPITAL (DULWICH),E92000001,TBS0008
FF62A052-F283-4F0B-804A-BF5D744EF777,KING'S MILL HOSPITAL,E92000001,TBS0009
71251E92-D6F6-48C2-946A-47B310243215,KINGS OAK HOSPITAL,E92000001,TBS0010
B5CC1C63-8AB5-4C8A-B181-1488C29D59A7,KINGS PARK HOSPITAL,E92000001,TBS0011
8E7F80D2-ECBA-4B5A-B878-6587D94DA1C5,KINGSTON HOSPITAL,E92000001,TBS0012
CF398C9F-2FB9-4F22-A5A7-21687B670FB0,KINGTON COTTAGE HOSPITAL,E92000001,TBS0012
E883218F-E410-4256-AA98-47BE80158122,KNUTSFORD & DISTRICT COMMUNITY HOSPITAL,E92000001,TBS0013
98B4F15B-DC64-440D-9DF4-9E16C47C5B64,LAGAN VALLEY HOSPITAL,N92000002,TBS0014
B7A478B2-102B-4F92-870E-4ED979C162E4,LAMBETH HOSPITAL,E92000001,TBS0015
33468AF8-31BF-40BF-A40C-A733879BF5E2,LANCASTER HOSPITAL,E92000001,TBS0016
A7311EBA-644F-436F-BA95-DBDD124D999A,LAUNCESTON HOSPITAL,E92000001,TBS0017
4EECFCAD-B8E1-4CBE-860B-6F7D42C06DA0,LEATHERHEAD HOSPITAL,E92000001,TBS0018
1280ECC8-FF7D-473A-83D7-02E7FB2BAFDB,LEDBURY COTTAGE HOSPITAL,E92000001,TBS0018
7E9C715D-0248-4D97-8F67-1134FC133588,LEEDS GENERAL INFIRMARY,E92000001,TBS0019
3E806307-573A-45F8-B295-06F95884FFC9,LEEK MOORLANDS HOSPITAL,E92000001,TBS0019
0DF7BEBB-E589-4BFB-A2BB-352AC1CCD2E1,LEICESTER FRITH HOSPITAL,E92000001,TBS0019
BFAF326C-6452-4CE0-84E9-18FB607D0C2F,LEICESTER GENERAL HOSPITAL,E92000001,TBS0019
482E828F-3D1F-46FA-9269-0CE594879246,LEICESTER ROYAL INFIRMARY,E92000001,TBS0019
3BA14E3A-67A5-4488-A15C-1075E07E9D32,LEIGH INFIRMARY,E92000001,TBS0019
4D23D7B3-BBB8-4642-A218-B0063A833A14,LEIGHTON HOSPITAL,E92000001,TBS0019
CED155C4-7EFF-4C5E-8B38-1123D717D0BD,LEMINGTON HOSPITAL,E92000001,TBS0019
82321CAB-3092-4FBF-8B4A-B82BA7EF341D,LEOMINSTER COMMUNITY HOSPITAL,E92000001,TBS0019
29BB0CA3-3329-4C44-A7D1-F5D0F77C3308,LEWES VICTORIA HOSPITAL,E92000001,TBS0019
E1FC8251-56C4-47FB-8019-2BC0B22C6966,LINCOLN COUNTY HOSPITAL,E92000001,TBS0019
7B0D2FA1-757D-4FED-940D-B697572E6315,LINCOLN HOSPITAL,E92000001,TBS0020
47D83CA2-4ECE-4F3C-8771-C8C24564245E,LINGS BAR HOSPITAL,E92000001,TBS0021
0391ED46-0661-4CBE-924F-AF0F5959EC19,LISKEARD COMMUNITY HOSPITAL,E92000001,TBS0022
8105AF2A-2934-4B33-BD4C-FACA0759208D,LISTER HOSPITAL,E92000001,TBS0023
13F42CB8-4430-487A-B995-F076DC4A26E0,LITTLE BROOK (APU) HOSPITAL,E92000001,TBS0024
C2769933-D4A2-4571-90A3-D624C0AB6C70,LITTLE COURT DAY HOSPITAL,E92000001,TBS0025
93ADD9F7-2D74-4FD4-BA27-36FC483CB9EB,LIVERPOOL HEART AND CHEST HOSPITAL,E92000001,TBS0025
2D19C818-BA9D-4C38-BAF4-42CF14844619,LIVERPOOL WOMANS HOSPITAL,E92000001,TBS0025
4CC99E95-6993-466A-8C7A-1BFCE7159BB0,LLANDOUGH HOSPITAL,W92000004,TBS0025
634F5AF4-8A00-48B1-BBF4-CD68CBD1338D,LLANDOVERY HOSPITAL,W92000004,TBS0026
CE450A3A-D9B5-4DB8-9472-D1A36936528C,LLANDUDNO GENERAL HOSPITAL,W92000004,TBS0027
D6A781CB-700F-490D-B2C9-009B772BE2DC,LLANFRECHFA GRANGE HOSPITAL,W92000004,TBS0028
54E4D207-1A85-46B9-9BFE-225B6CE450E5,LLANGOLLEN COMMUNITY HOSPITAL,W92000004,TBS0028
D4BD1125-6C1E-4CFA-8F86-BC0AB6FC7216,LLANRHAEDR MEDICAL CLINIC,W92000004,TBS0028
8680A1B4-8271-4004-8B8C-B906CE6B8B4A,LLANRWST HEALTH CENTRE,W92000004,TBS0028
ED46F84F-98BA-444F-A27D-F0E27427CB1B,LLUESTY HOSPITAL,W92000004,TBS0028
6576FD71-1DFD-414D-B743-DEDA97B6AF0B,LLWYNERYR HOSPITAL,W92000004,TBS0028
ADA8C647-DCE1-44B9-8D6A-003927478FC1,LLWYNYPIA HOSPITAL,W92000004,TBS0029
072C1D97-AC4F-459B-B27F-F5A0B9D2ABB8,LONDON CHEST HOSPITAL,E92000001,TBS0030
B5A9C2BF-F95B-4D72-8D50-C213D2DD7D19,LONDON INDEPENDENT HOSPITAL,E92000001,TBS0031
B284D100-3EE7-4F46-873D-3F75CF0F1540,LONGRIDGE COMMUNITY HOSPITAL,E92000001,TBS0032
CB7C01C0-F60E-4071-B83F-3520279D6C4C,LONGTON HOSPITAL,E92000001,TBS0033
94E6EBA6-4E24-4A85-B3BA-C71BA0CDE4B1,LOUGHBOROUGH HOSPITAL,E92000001,TBS0034
D79CEA01-9E36-48C2-8B0C-782E5D2BDD2A,LOURDES HOSPITAL,E92000001,TBS0035
F4D45E6F-C8EF-4542-8DC5-A0C680D47E71,LOUTH COUNTY HOSPITAL,E92000001,TBS0036
67396BE1-9139-4766-B08F-05A4C4C1BCFF,LOWER PRIORY HALL DAY HOSPITAL,E92000001,TBS0036
5F17D1C6-6964-447A-AAA5-791E8895B8B0,LOWESTOFT & NORTH SUFFOLK HOSPITAL,E92000001,TBS0036
506123FE-47B0-4FBE-B7EC-C6644B184702,LUDLOW HOSPITAL,E92000001,TBS0037
AEAD5943-BC92-402F-8687-9E6DB1203F04,LUTON & DUNSTABLE HOSPITAL,E92000001,TBS0038
F16B7C49-8180-438F-A114-9A2E848CAC52,LYDNEY & DISTRICT HOSPITAL,E92000001,TBS0039
98EED1AC-5537-4254-B0FF-7B590BC7FBB0,LYMINGTON HOSPITAL (PERIPHERAL CLINIC),E92000001,TBS0040
40C7827B-9556-492F-AF7B-F2C4A5A3F1F2,LYTHAM HOSPITAL,E92000001,TBS0040
FD8CA1CC-A143-4CF5-A03D-CA1E02014964,MACCLESFIELD DISTRICT GENERAL HOSPITAL,E92000001,TBS0041
8D879B88-5E60-4A5E-91F0-83ECC4967EEA,MAESGWYN HOSPITAL,W92000004,TBS0042
B11DA708-86FC-4ADA-BA28-623AAFFD1732,MAESTEG GENERAL HOSPITAL,W92000004,TBS0043
555F7E63-2756-4765-A9EB-1DE1ACDC9C72,MAIDSTONE DISTRICT GENERAL HOSPITAL,E92000001,TBS0043
463EE869-7763-46A5-9319-5DC314B0F488,MAINDIFF COURT HOSPITAL,W92000004,TBS0043
9F8EB5C4-0FC0-4C84-BFDB-EED9B1D9CC94,MALHAM HOUSE DAY HOSPITAL,E92000001,TBS0044
C6F1ACE8-1305-4CD6-A1AD-DB34FCA5105F,MALMESBURY COMMUNITY HOSPITAL,E92000001,TBS0044
D30CE642-60EE-4C35-943E-3A5CA2075B72,MALTON COMMUNITY HOSPITAL,E92000001,TBS0045
33464912-E5B1-4998-AFCA-083C3AE65A80,MALVERN COMMUNITY HOSPITAL,E92000001,TBS0046
656A1449-4E9B-4DEE-BF0F-8C6D0070DF2F,MANCHESTER LIFESTYLE HOSPITAL,E92000001,TBS0047
D19DA815-0DCB-469B-AAE0-08B73255E1FD,MANCHESTER ROYAL EYE HOSPITAL,E92000001,TBS0048
EDCE7D04-977D-424A-80A8-3782DAFD1475,MANCHESTER ROYAL INFIRMARY,E92000001,TBS0049
388884ED-1946-40A2-AB98-21C0CDDEB2AD,MANOR HOSPITAL [BEDFORD],E92000001,TBS0050
05EAB19B-68C9-43B1-9F38-C87BC1DDC0DA,MANOR HOSPITAL [NUNEATON],E92000001,TBS0051
6FB3BB96-51C0-4ADA-9C9C-8AC06BEED41C,MANOR HOSPITAL [WALSALL],E92000001,TBS0051
2DC2D71A-B79F-4EF9-8B84-6BBF325BB9CF,MANOR PARK HOSPITAL,E92000001,TBS0051
42C12A49-B7EF-4539-BDCE-EF314AE9E460,MANSFIELD COMMUNITY HOSPITAL,E92000001,TBS0051
C62075A8-2590-4623-A907-43D3109F6139,MARKET DRAYTON CLINIC,E92000001,TBS0052
93BF8408-FE62-4958-B031-0AABFCFE32E4,MARLOW HOSPITAL,E92000001,TBS0053
A219BC91-317D-4D34-9B1F-2AEBD842FF67,MARY HEWETSON COTTAGE HOSPITAL (KESWICK),E92000001,TBS0053
18695D7F-B64D-4600-8F73-3C890CC3A3CE,MATER INFIRMORUM HOSPITAL,N92000002,TBS0053
CCB52A7D-4FA7-40E9-A737-67122B16F974,MAUDSLEY HOSPITAL,E92000001,TBS0053
BFCBE8F5-4E7C-44E2-880F-95A96E738EE6,MAYDAY UNIVERSITY HOSPITAL,E92000001,TBS0053
6FDCB0F8-4F98-41BF-A57E-E7F73F2F725D,MAYFAIR DAY HOSPITAL,E92000001,TBS0053
462368BC-C8DB-4369-83A3-6B8ADDCC6246,MCINDOE SURGICAL CENTRE,E92000001,TBS0053
4C35309F-7645-48A3-9ACD-B461687404E1,MEADOWBANK DAY HOSPITAL,E92000001,TBS0054
0D6E8617-02CC-4491-B29F-72A902139D1B,MEDWAY MARITIME HOSPITAL,E92000001,TBS0054
37C40954-7727-4726-804A-C7582F5C61D5,MELKSHAM COMMUNITY HOSPITAL,E92000001,TBS0054
B1880968-3DAD-446F-A8E3-65CDB87BC2C1,MEMORIAL HOSPITAL,E92000001,TBS0054
6EDFC88E-FA8E-490C-BAD6-F54F483AB7AA,MERIDEN HOSPITAL,E92000001,TBS0054
6D3E4698-D919-4D98-BD8E-2E98D6473BC4,MIDDLESEX HOSPITAL,E92000001,TBS0054
679BC917-497F-49DD-8B91-BA5ACCF9BE86,MIDHURST COMMUNITY HOSPITAL,E92000001,TBS0054
66F8BD41-18FB-4C36-A7DF-F82B02C31541,MID-ULSTER HOSPITAL,N92000002,TBS0055
9C62E25A-F43F-4483-BDF9-F2000AFF61D4,MILE END HOSPITAL,E92000001,TBS0056
8D630C33-B77D-439A-B68A-A1BF4410C573,MILFORD HOSPITAL,E92000001,TBS0056
13B336FE-92DE-474F-A896-2D859D233C3D,MILFORD ON SEA WAR MEMORIAL HOSPITAL,E92000001,TBS0056
11FE3038-E071-491A-A50B-53CE2933CE55,MILL VIEW HOSPITAL,E92000001,TBS0057
DD42651A-EFFA-460A-B5BC-3401BF75A628,MILLOM HOSPITAL,E92000001,TBS0057
195BAAA9-0008-47F5-84F5-AC75B7127A1B,MILTON KEYNES GENERAL HOSPITAL,E92000001,TBS0058
6D393C1B-2AF0-4BE6-8450-FAD7D03D4DE1,MINEHEAD HOSPITAL,E92000001,TBS0059
0E4B9E79-B47C-45DE-89B9-58FFE3C3B2B4,MINFORDD HOSPITAL,W92000004,TBS0059
58395BDE-7579-47C3-ADE3-854ACB2E2C5D,MOLD COMMUNITY HOSPITAL,W92000004,TBS0060
BD42B32E-820F-4961-A732-5E3BCB953F3F,MOLESEY HOSPITAL,E92000001,TBS0060
66A284F5-97A0-4962-876D-F33F0750A34B,MONKTON HALL HOSPITAL,E92000001,TBS0061
BC50C79A-5248-4B84-B4B7-027B2C59371D,MONKWEARMOUTH HOSPITAL,E92000001,TBS0062
9D9C3480-5023-48D8-8850-8AD2E57DE397,MONMOUTH GENERAL HOSPITAL,W92000004,TBS0062
C9256947-12E1-4CCA-BCE3-50124B7FD273,MONTAGU HOSPITAL,E92000001,TBS0062
C1CE55DB-1F5B-4AD1-92EE-2C636716110D,MONTAGUE HEALTH CENTRE,E92000001,TBS0063
0275AF55-727A-4CAC-8A96-2285EF484B50,MONTGOMERY COUNTY INFIRMARY,W92000004,TBS0063
55F81174-38CC-43B4-911A-1D1246DB6F5C,MOORE COTTAGE HOSPITAL,E92000001,TBS0064
3DF82031-1575-465B-A075-415E457BF7F5,MOORE HOUSE,E92000001,TBS0064
95563A29-52EA-4D9D-B22F-C644462CEBF6,MOORFIELDS EYE HOSPITAL (CITY ROAD),E92000001,TBS0064
7502A3D3-DE66-4140-A6D6-960EF7C7917F,MOORGREEN HOSPITAL,E92000001,TBS0064
12AB2E21-D3B9-4120-B623-8F786467E5AF,MORETON IN MARSH HOSPITAL,E92000001,TBS0064
F0AC5CC9-186E-4854-B103-98B515E91EAC,MORPETH COTTAGE HOSPITAL,E92000001,TBS0064
42F9A891-2DEC-40C6-8475-D0EB28B51D51,MORRISTON HOSPITAL,W92000004,TBS0065
77BA7C6E-6ABA-4575-8468-E8A522D5C478,MOSSLEY HILL HOSPITAL,E92000001,TBS0065
1FDCB443-7459-4AF7-8980-007E62EF2E90,MOUNT ALVERNIA HOSPITAL,E92000001,TBS0065
11D5A99A-EBBB-43AA-8643-07A3317CFEA5,MOUNT GOULD HOSPITAL,E92000001,TBS0065
C6B597DD-0F08-47B1-95A9-2ABA06DF4DB9,MOUNT HOSPITAL,E92000001,TBS0066
F26B852B-1DA4-443B-A062-44696556E5F3,MOUNT STUART HOSPITAL,E92000001,TBS0067
F768B1F6-DFC3-43BD-AB29-F03277C812B3,MOUNT VERNON HOSPITAL,E92000001,TBS0068
4F16FCA0-BE6E-4EDD-9B2C-5CA70511E480,MOUNTAIN ASH GENERAL HOSPITAL,W92000004,TBS0069
52AFAFBE-DE61-449D-9D8A-29D54AAE6E35,MUSGRAVE PARK HOSPITAL [NORTHERN IRELAND],N92000002,TBS0070
455DB200-3F89-4780-BF6C-E970FE8DC06C,MUSGROVE PARK HOSPITAL [SOMERSET],E92000001,TBS0071
A8B004AA-1C5C-4EC3-83B4-8A932BB8117C,MYNYDD MAWR HOSPITAL,W92000004,TBS0072
099481B6-FF46-4247-85EF-D04D8D0524CC,NANT-Y-GLYN DAY HOSPITAL,W92000004,TBS0073
01C3B0DC-FF1E-4A09-A59D-647862562B9D,NATIONAL HOSPITAL FOR NEUROLOGY & NEUROSCIENCES - QUEEN SQUARE,E92000001,TBS0074
BBE36C0A-6070-475A-9DB8-D75DBBDBF425,NEATH PORT TALBOT HOSPITAL,W92000004,TBS0075
4AD9271B-A7B6-41B3-B8CB-E5B9A1D0C10D,NELSON HOSPITAL,E92000001,TBS0076
09DEB24A-CE0D-4ADD-8BF9-59B831F9CAA4,NEVILL HALL HOSPITAL,W92000004,TBS0076
65225BBB-BD5A-431C-9B0F-46E6349C03C2,NEVILL HOSPITAL,E92000001,TBS0077
447A23CE-6449-47C3-90EA-081681D6C5FD,NEW CROSS HOSPITAL,E92000001,TBS0077
1393EFE2-9921-45D4-A384-C3EE9400C5B5,NEW EPSOM & EWELL COTTAGE HOSPITAL,E92000001,TBS0077
4A93FC07-D694-46BE-BD34-FB31DE211C57,NEW HALL HOSPITAL,E92000001,TBS0077
B0FF6CDD-9485-4E2F-B7CB-40C5161D631B,NEW VICTORIA HOSPITAL,E92000001,TBS0078
ED4C6FC7-CDE2-4352-8829-D6D5516F6BE9,NEWARK HOSPITAL,E92000001,TBS0079
7A0AF4B6-241E-4DDE-BCBB-E7AA7908FF3E,NEWCASTLE GENERAL HOSPITAL,E92000001,TBS0080
34B5922B-B889-4135-B628-45CA2A15A8A0,NEWHAM GENERAL HOSPITAL,E92000001,TBS0081
73119E11-1702-460C-B0F6-FB14CE31F0B0,NEWHAVEN HILLRISE DAY HOSPITAL,E92000001,TBS0082
5FF90321-280C-4CC1-87D3-58B8012224E7,NEWMARKET HOSPITAL,E92000001,TBS0083
F862CE99-CCA8-46F1-BAA9-E7407C7093D6,NEWPORT INTERIM DAY HOSPITAL,W92000004,TBS0084
B3055EC0-0A3F-45D1-BBA1-4BBD43AAE087,NEWQUAY HOSPITAL,E92000001,TBS0085
0111F8E8-DABF-4D6A-9A00-C5878D8D9366,NEWTON ABBOT HOSPITAL,E92000001,TBS0086
3845346D-169D-47B0-903B-49CEC8824B89,NEWTON COMMUNITY HOSPITAL,E92000001,TBS0086
83FAB0E7-B142-4326-9897-E73394885D2C,NORFOLK & NORWICH UNIVERSITY HOSPITAL,E92000001,TBS0086
4C68430E-9088-4351-814D-A17CAE6E55FE,NORTH CAMBRIDGESHIRE HOSPITAL,E92000001,TBS0086
C4F4D541-F5EC-4F12-B04D-EE2D1DBDEDFF,NORTH DEVON DISTRICT HOSPITAL,E92000001,TBS0087
52B6A55A-6FF7-4101-AA17-0B82367F5B8E,NORTH DOWNS HOSPITAL,E92000001,TBS0088
BD7F3CF7-8686-45EB-932E-A4B0D1853149,NORTH HAMPSHIRE HOSPITAL,E92000001,TBS0089
EAC084DF-B5E4-449C-AA97-DF6D3CBAC41F,NORTH MANCHESTER GENERAL HOSPITAL,E92000001,TBS0089
88DDF0F9-1F3C-450D-A541-6F253BB83AE6,NORTH MIDDLESEX HOSPITAL,E92000001,TBS0090
973CE72A-B4DE-46BA-98E3-3E03DF0E5594,NORTH TYNESIDE GENERAL HOSPITAL,E92000001,TBS0091
C3D08DD5-1216-4448-B62C-A0D2CA781294,NORTH WALSHAM COTTAGE HOSPITAL,E92000001,TBS0092
2C74C36C-6227-4A4B-9B9C-BCF57F70443D,NORTHAMPTON GENERAL HOSPITAL,E92000001,TBS0093
A10905BE-4797-4E7D-9911-B1BE4534F6D8,NORTHERN GENERAL HOSPITAL,E92000001,TBS0094
F98655E6-A6CC-4759-8E6F-5BB39DD74403,NORTHGATE HOSPITAL [GREAT YARMOUTH],E92000001,TBS0095
27BB6D5A-FFB2-448C-8583-19DD3D471C02,NORTHGATE HOSPITAL [MORPETH],E92000001,TBS0095
54D734B4-327A-4595-96EF-2F6633735C60,NORTHWICK PARK HOSPITAL,E92000001,TBS0095
A8853A77-64B4-4EEA-B3A1-017D2309D8B0,NORWICH COMMUNITY HOSPITAL,E92000001,TBS0096
0B2BFB8D-0E9E-4138-8751-1DC1B2581AE5,NOTTINGHAM CITY HOSPITAL,E92000001,TBS0097
D7DEB78D-A28F-488D-B31A-58FAB992083D,NOTTINGHAM UNIVERSITY HOSPITALS NHS TRUST,E92000001,TBS0098
27988285-43F2-41D6-A40B-A98FE588DA6E,NOTTINGHAM WOODTHORPE HOSPITAL,E92000001,TBS0099
4EE171E5-A4AE-4838-8CBA-C4F493508145,NUFFIELD DIAGNOSTIC CENTRE,E92000001,TBS0100
B3B6CB43-1E6E-4857-BC35-B271B9BD42B7,NUFFIELD HEALTH BOURNEMOUTH HOSPITAL,E92000001,TBS0100
7B5935B4-C2E1-4B8C-A8CF-A48EE9CC8617,NUFFIELD HEALTH BRENTWOOD HOSPITAL,E92000001,TBS0100
B1B3CDB9-8E54-4E1B-B94C-9CBE63D3D86A,NUFFIELD HEALTH BRIGHTON HOSPITAL,E92000001,TBS0101
B6D8EA7C-1D31-4102-BAF2-A799480CA577,NUFFIELD HEALTH BRISTOL HOSPITAL,E92000001,TBS0102
0AEFD55A-7DD0-4B80-ABEC-3ECF44A104B9,NUFFIELD HEALTH CAMBRIDGE HOSPITAL,E92000001,TBS0103
391ED44B-76FB-4CD1-8EB8-00AD07336412,NUFFIELD HEALTH CHELTENHAM HOSPITAL,E92000001,TBS0104
318B6D3C-4854-4ED2-871D-056E56B8D120,NUFFIELD HEALTH CHICHESTER HOSPITAL,E92000001,TBS0105
5F5233EE-F540-466F-B022-04C1DA465EF3,NUFFIELD HEALTH DERBY HOSPITAL,E92000001,TBS0106
41230103-EAFC-4E94-8A18-00A4233AE90D,NUFFIELD HEALTH EXETER HOSPITAL,E92000001,TBS0106
227D2A1E-42AA-4D34-98B6-DB4B489533D5,NUFFIELD HEALTH GUILDFORD HOSPITAL,E92000001,TBS0106
1E2E25DF-BD19-4647-82F0-BD3B3AF5EC19,NUFFIELD HEALTH HAMPSHIRE HOSPITAL,E92000001,TBS0107
5BACED7B-0109-482A-BC8F-799AEA68B010,NUFFIELD HEALTH HAYWARDS HEATH HOSPITAL,E92000001,TBS0107
92DCE1F7-C2AA-4371-A2E6-1A8F24B22B4C,NUFFIELD HEALTH HEREFORD HOSPITAL,E92000001,TBS0107
C88A545C-FE4A-4BFF-AB44-0F00F40E721F,NUFFIELD HEALTH IPSWICH HOSPITAL,E92000001,TBS0107
FBCC8132-CDD9-4A07-9305-12ED8755CA17,NUFFIELD HEALTH LEEDS HOSPITAL,E92000001,TBS0107
9DE16B29-E316-4D88-AD2A-E47A0B413A3D,NUFFIELD HEALTH LEICESTER HOSPITAL,E92000001,TBS0107
C267A057-4558-4F6A-AA42-3A034E868D64,NUFFIELD HEALTH NEWCASTLE-UPON-TYNE HOSPITAL,E92000001,TBS0108
0DCAE460-F8CC-44AF-B6C1-8B86B0A725D5,NUFFIELD HEALTH NORTH STAFFORDSHIRE HOSPITAL,E92000001,TBS0108
A4EAAC12-239B-4E65-AC79-E7858080A94E,NUFFIELD HEALTH PLYMOUTH HOSPITAL,E92000001,TBS0108
20494ABA-DD68-401A-BEF2-1B5FA0315828,NUFFIELD HEALTH SHREWSBURY HOSPITAL,E92000001,TBS0108
AA778A08-5AD9-4268-B8C0-F457C8B591AB,NUFFIELD HEALTH TAUNTON HOSPITAL,E92000001,TBS0109
F99825D4-8949-42BD-AF1C-3AD4EB9B14E1,NUFFIELD HEALTH TEES HOSPITAL,E92000001,TBS0109
2C222CD0-880D-4B83-9E61-31B820C01626,NUFFIELD HEALTH THE GROSVENOR HOSPITAL CHESTER,E92000001,TBS0109
06749B63-AE06-4CC6-9D66-9DD5C4A0245E,NUFFIELD HEALTH THE MANOR HOSPITAL OXFORD,E92000001,TBS0109
9B5EE9BB-78D0-4207-91C3-7C8437F54B2D,NUFFIELD HEALTH TUNBRIDGE WELLS HOSPITAL,E92000001,TBS0109
CB07A530-0AEF-4909-A8D2-A364F9F8183B,NUFFIELD HEALTH WARWICKSHIRE HOSPITAL,E92000001,TBS0109
B0406779-891A-4BA2-9C79-46B78B4966EB,NUFFIELD HEALTH WOKING HOSPITAL,E92000001,TBS0109
7C6E024A-27A7-4763-B1A7-30F442AEA7BF,NUFFIELD HEALTH WOLVERHAMPTON HOSPITAL,E92000001,TBS0109
6F797A5C-078A-48F8-B27F-2E3D67203175,NUFFIELD HEALTH YORK HOSPITAL,E92000001,TBS0109
F1FBF3A6-4119-40C4-84FD-C7F06B45AACB,NUFFIELD ORTHOPAEDIC CENTRE,E92000001,TBS0110
FDAB0616-A8A2-4A2D-9CDB-E664F3820B43,OAKDALE HOSPITAL,W92000004,TBS0110
54A4A2B1-6B88-43E6-8C8C-299526DD9AFB,OAKLANDS HOSPITAL,E92000001,TBS0111
11081272-A36B-459D-9E6B-7E8C486FDC9F,OKEHAMPTON COMMUNITY HOSPITAL,E92000001,TBS0112
AC1F4E4A-6F25-4349-B7A3-8966BD6AC2DB,OLD COTTAGE HOSPITAL,E92000001,TBS0113
3C6B423A-2D73-4BF4-A10F-28B98014AC0C,OLDCHURCH HOSPITAL,E92000001,TBS0114
5D39F71C-EDE7-44BC-A1F8-5376F59666EA,ORMSKIRK & DISTRICT GENERAL HOSPITAL,E92000001,TBS0115
23290947-B60D-4E69-B014-B77A443D4CAF,ORPINGTON HOSPITAL,E92000001,TBS0116
5334CFD4-C2D9-48AD-B83B-EDB432894F4C,ORSETT HOSPITAL,E92000001,TBS0117
8A702ECD-96FD-457F-A931-4B367F12277A,OTTERY ST MARY HOSPITAL,E92000001,TBS0118
C62715CD-D9C2-460C-A2FB-7DED14087B63,OVERMONNOW DAY HOSPITAL,W92000004,TBS0119
F688B1B4-7F21-42EF-B23E-9D69EA97CD05,OXFORD CLINIC,E92000001,TBS0119
AEB507D7-B0FC-466C-A26A-C2B4165BD01A,OXTED & LIMPSFIELD HOSPITAL,E92000001,TBS0119
D21489D6-7D1E-46FB-9D11-C4B536285347,PADDOCKS CLINIC,E92000001,TBS0119
69BDDD08-ED80-4885-869C-4714DC02CE06,PAIGNTON HOSPITAL,E92000001,TBS0119
AE74328A-9F61-4D1E-9247-4895AE7045DA,PALMER COMMUNITY HOSPITAL,E92000001,TBS0119
EDDF6EFC-738A-4235-9C80-54D7506556D2,PAPWORTH HOSPITAL,E92000001,TBS0119
5524785C-7823-41DF-9341-6B4A65AA9C19,PARK HILL HOSPITAL,E92000001,TBS0119
8A7D861D-5086-4FBA-A813-20FB895C8412,PARK HOSPITAL [NOTTINGHAM],E92000001,TBS0119
8E2E428A-341C-4F76-9633-124D5CA342B5,PARK HOSPITAL [OXFORD],E92000001,TBS0119
9670DD65-0D74-423C-AD51-CD1D4C638D03,PARK LANE MEDICAL CENTRE,E92000001,TBS0119
790391E9-6C41-4D28-8341-C1B8811036DE,PARK SQUARE DAY HOSPITAL,W92000004,TBS0119
4340FE30-9786-4FEB-9D90-E1C82F340113,PARK VIEW CLINIC,E92000001,TBS0119
14F099AF-044D-4A30-AE8D-6AEF04DBD1A1,PARK VIEW DAY HOSPITAL,E92000001,TBS0120
89A79FD3-E59F-4255-9E7A-2B536DBB5075,PARKLANDS HOSPITAL,E92000001,TBS0121
EAEB2563-5CFF-44F4-91B2-E4EF6D28D6CC,PARKSIDE HOSPITAL,E92000001,TBS0122
4FCD15EF-14C7-454B-AAE4-4ECDB49F9D6E,PARKWOOD HOSPITAL,E92000001,TBS0123
F5326F7F-D87F-4F89-B7C2-36220872FCAF,PATRICK STEAD HOSPITAL,E92000001,TBS0123
39530369-9873-483E-A218-114C3BCC6240,PAULTON MEMORIAL HOSPITAL,E92000001,TBS0123
70693B46-61F4-4321-A896-A9913D0AA600,PEMBERTON CLINIC,E92000001,TBS0124
86AAC5EB-DB9D-496E-929D-9D7E34609E58,PEMBURY HOSPITAL,E92000001,TBS0124
B6148321-D7B1-4D3F-905D-258FF2711655,PENDLE COMMUNITY HOSPITAL,E92000001,TBS0125
4220440E-B0E6-4F2F-827C-539552FF32AD,PENLEY HOSPITAL,W92000004,TBS0126
D2558CD1-71CA-4C7F-802D-98498B2EAF90,PENRITH HOSPITAL,E92000001,TBS0127
9FD2FB99-4A9B-463F-8B23-A4AD8961DE06,PETERBOROUGH CITY HOSPITAL,E92000001,TBS0128
7306F844-2521-48D0-A765-2C1E45621D88,PETERLEE COMMUNITY HOSPITAL,E92000001,TBS0129
4DE9449E-65F5-40C0-9C32-953D189F20DF,PETERSFIELD COMMUNITY HOSPITAL,E92000001,TBS0130
A6EE57CB-DDA6-4D29-852C-62B762D147A1,PHOENIX DAY HOSPITAL,E92000001,TBS0131
59755880-6B5D-4CE2-8B12-5125A7DDF832,PILGRIM HOSPITAL,E92000001,TBS0131
31B2D7B3-2FB4-42A7-8251-CE84EA728FD5,PINDERFIELDS GENERAL HOSPITAL,E92000001,TBS0132
9A4F657A-01E7-4CA6-B8D5-B9E033401EB6,PINEHILL HOSPITAL,E92000001,TBS0133
BDB0BC8F-01DE-4C50-BD28-F9536CB91355,PONTEFRACT GENERAL INFIRMARY,E92000001,TBS0134
5543C2B5-BDE5-4C41-B856-E1469FA11DF9,PONTYPRIDD & DISTRICT HOSPITAL,W92000004,TBS0135
8A42FCA1-8E62-4805-990F-EE19F85A6A4F,POOLE GENERAL HOSPITAL,E92000001,TBS0136
AC9539F5-8879-4127-90D9-5511CBEC1645,PORTLAND HOSPITAL,E92000001,TBS0137
12759488-B4DB-4F7C-AB2E-F13BD8C6E73D,POTTERS BAR COMMUNITY HOSPITAL,E92000001,TBS0137
27911115-F3EA-4F56-B343-4E9E52B0A84C,PRESTATYN COMMUNITY HOSPITAL,W92000004,TBS0137
28CBEE25-66F4-4A20-BF3D-F26077792EF5,PRESTON HALL HOSPITAL,E92000001,TBS0137
4836A4E5-D0A3-43DE-B8E7-D4BFE81B7E9C,PRIMROSE HILL HOSPITAL,E92000001,TBS0137
CEA254E5-B953-4BF2-82F1-8304337FF73C,PRINCE CHARLES HOSPITAL,W92000004,TBS0137
FD423059-A4C8-4EAB-BC72-9DA422524E12,PRINCE PHILIP HOSPITAL,W92000004,TBS0137
3550401A-119C-48C3-883E-46977A8C6032,PRINCESS ALEXANDRA HOSPITAL,E92000001,TBS0137
16ABA4BF-274C-465E-9BFD-FF3309266E97,PRINCESS ANNE HOSPITAL,E92000001,TBS0137
5740E112-41B7-4B5A-AEC0-1D15FDB6D997,PRINCESS GRACE HOSPITAL,E92000001,TBS0137
0A77A26E-C6CF-4F2D-8501-8D94EA136D1D,PRINCESS LOUISE KENSINGTON HOSPITAL,E92000001,TBS0138
9A6D0DFA-73F2-4DF5-BE61-95E4834CF564,PRINCESS MARGARET HOSPITAL,E92000001,TBS0138
0C144E14-ED87-4980-B962-6480BB945AFD,PRINCESS MARINA HOSPITAL,E92000001,TBS0139
F11294D0-1F00-4582-9D24-3707BF5280D6,PRINCESS OF WALES COMMUNITY HOSPITAL,E92000001,TBS0139
DF4BF235-5604-4256-AB72-A9CCF68988AD,PRINCESS OF WALES HOSPITAL,W92000004,TBS0140
F3083498-736F-421A-A001-FEB4CF951422,PRINCESS ROYAL HOSPITAL [HULL],E92000001,TBS0140
86A7AE93-F6ED-414D-A980-D279D583DAE2,PRINCESS ROYAL HOSPITAL [TELFORD],E92000001,TBS0140
A977DA6B-3014-449E-8FC9-477F50D7D502,PRINCESS ROYAL HOSPITAL [WEST SUSSEX],E92000001,TBS0140
4B055366-6301-456F-855D-555F5AA7C73F,PRINCESS ROYAL UNIVERSITY HOSPITAL,E92000001,TBS0140
6A203FA2-8F39-404F-AF66-D28E23925625,PRIORY HOSPITAL,E92000001,TBS0141
AA2806F9-EA36-48B1-A5B2-04FEE3F81A0D,PROSPECT PARK HOSPITAL,E92000001,TBS0142
BC5A7DC6-BE8A-47F3-B02E-5B2EFE6A379E,PRUDHOE HOSPITAL,E92000001,TBS0142
2B73AE84-1C40-4098-9679-86F512999682,PURLEY WAR MEMORIAL HOSPITAL,E92000001,TBS0142
181D832C-0210-42A9-9F8A-370AA4816196,PWLLHELI DAY HOSPITAL,W92000004,TBS0143
E57E2006-33BD-4432-ACAB-36B0D3237E81,QUEEN ALEXANDRA HOSPITAL,E92000001,TBS0144
B1CE8793-4601-44FF-B71B-FDD3CCEC7CFD,QUEEN CHARLOTTE'S HOSPITAL,E92000001,TBS0145
CD292C05-FCDB-44A1-9648-7B7521836236,QUEEN ELIZABETH HOSPITAL [BIRMINGHAM],E92000001,TBS0146
65D18006-FE12-4B5B-B781-96A8A8AD877C,QUEEN ELIZABETH HOSPITAL [GATESHEAD],E92000001,TBS0147
13C912BF-3127-4DD2-908B-6BBCAA3BC984,QUEEN ELIZABETH HOSPITAL [KING'S LYNN],E92000001,TBS0148
E5984FDE-45F2-45FA-9D8A-BF17A8313D61,QUEEN ELIZABETH HOSPITAL [LONDON],E92000001,TBS0149
FCBB64DD-C63A-4F4C-9925-617CDBF3FF51,QUEEN ELIZABETH II HOSPITAL [WELWYN GARDEN CITY],E92000001,TBS0150
73D6DD94-75DB-4EC8-A497-EA04AF0C8BEA,QUEEN ELIZABETH THE QUEEN MOTHER HOSPITAL,E92000001,TBS0151
48C263CE-33A1-4016-91D8-1BEB5D08C99B,QUEEN MARY'S HOSPITAL [LONDON],E92000001,TBS0152
745F7BED-F6BE-42C9-BA43-537954CDD284,QUEEN MARY'S HOSPITAL [SIDCUP],E92000001,TBS0153
A33F56BE-8BC2-4B50-B64E-A533A2E495D6,QUEEN VICTORIA HOSPITAL [EAST GRINSTEAD],E92000001,TBS0154
96EC72D1-FDCF-4988-B73A-E3FC5A83F49D,QUEEN VICTORIA HOSPITAL [MORECAMBE],E92000001,TBS0155
48FC350E-6FD5-4087-9B3D-A5B2C43C2B45,QUEEN VICTORIA MEMORIAL HOSPITAL,E92000001,TBS0156
027F7FD2-36F8-4504-8683-41DD4510D339,QUEEN'S HOSPITAL [BURTON UPON TRENT],E92000001,TBS0157
778E92AF-2F03-47F3-B692-DC1B20635544,QUEENS HOSPITAL [CROYDON],E92000001,TBS0157
41BA2E29-1862-47BC-BF15-56599AD510E1,QUEEN'S HOSPITAL [ROMFORD],E92000001,TBS0157
DD610C20-10EB-49FF-AED0-062780823320,QUEENS MEDICAL CENTRE [NOTTS],E92000001,TBS0157
2B4A2CF9-2F58-4B45-8828-CB955BE2161F,RADCLIFFE INFIRMARY,E92000001,TBS0158
2B0C8AB0-4909-4C9C-9441-FC510B936D41,RADFORD HEALTH CENTRE,E92000001,TBS0159
179B430D-5D8C-4F21-9BA8-C6A652DF0D62,RAMPTON HOSPITAL,E92000001,TBS0160
ACF1A783-686A-4EF2-A3CA-0E87A7006541,RAMSBOTTOM COTTAGE HOSPITAL,E92000001,TBS0160
D907B8C5-EA96-4DED-A696-5E906B2537BC,RATHBONE HOSPITAL,E92000001,TBS0160
7C5A090E-B20B-4DD0-938D-03AABC914EB2,RAVENSCOURT PARK HOSPITAL,E92000001,TBS0160
A4DA4B5D-3907-4962-88C7-04B387471131,REDCLIFFE DAY HOSPITAL,E92000001,TBS0160
2F7DEAB6-80F3-4F2A-811C-C096BACB650B,REDWOOD MEMORIAL HOSPITAL,W92000004,TBS0160
CEBBE2C3-F6E8-49A9-ADFC-7264FE6F0539,RENACRES HOSPITAL,E92000001,TBS0160
076C7E3B-C9A2-43D0-942D-558A9D6371E3,RETFORD HOSPITAL,E92000001,TBS0161
88B3881C-9401-480C-8F95-53FA0AD345C2,RIBBLETON HOSPITAL,E92000001,TBS0162
57E673CC-ED70-442F-BD96-0F261FC88C8C,RICHARDSON HOSPITAL,E92000001,TBS0163
31C14107-8E42-43D6-8DFE-BBE5B19F1D4A,RIDGE LEA HOSPITAL,E92000001,TBS0164
F0DD939F-2D7C-407C-9573-34A4FA543670,RIDGEWAY HOSPITAL,E92000001,TBS0165
251CA4B4-7699-4927-A36C-F2D53F737D1F,RIDLEY DAY HOSPITAL,E92000001,TBS0166
BD77D4F6-5A7E-48E4-A4FB-6C2E6BB41A60,RIPON AND DISTRICT COMMUNITY HOSPITAL,E92000001,TBS0167
2082A678-403F-4969-8B07-557CE2240409,RIVERS HOSPITAL,E92000001,TBS0168
805559BE-9862-4194-9A37-9A9D93B73BE6,ROBERT JONES & AGNES HUNT,E92000001,TBS0169
8B3B8368-FCF4-4612-B78A-E7A00E7FA826,ROBOROUGH DAY HOSPITAL,E92000001,TBS0170
4C6D94B4-E66C-46F5-8FAD-4167A858A9D6,ROCHDALE INFIRMARY,E92000001,TBS0171
171806A0-98A7-4AE6-BAC2-FFCB4F3FC092,ROCHFORD COMMUNITY HOSPITAL,E92000001,TBS0172
AF1A9B2B-5A89-4B4B-A434-D58E123AFC32,ROCKWELL DAY HOSPITAL,E92000001,TBS0173
FD8337EA-CB3F-46B0-8586-FDD9DBD64862,ROMSEY HOSPITAL,E92000001,TBS0174
C499B778-7933-49DC-B944-155184FDF522,ROOKWOOD HOSPITAL,W92000004,TBS0175
39EF6AF3-6C00-4D52-83FE-39F398809E46,ROSIE HOSPITAL,E92000001,TBS0176
ABE80C99-0BBF-4E48-933B-874B65358ECA,ROSS COMMUNITY HOSPITAL,E92000001,TBS0176
52399C6D-9D4A-4286-963F-7EC91ADF946E,ROSSENDALE HOSPITAL,E92000001,TBS0176
BA9B7F24-7E91-42CA-ABFE-CE530F26AA36,ROTHBURY COMMUNITY HOSPITAL,E92000001,TBS0177
C8088EB9-9205-42A4-9E5E-92679F36123B,ROTHERHAM DISTRICT GENERAL HOSPITAL,E92000001,TBS0178
6A4C0D9B-FCBE-44B5-900F-558B10ED9ECC,ROUNDWAY HOSPITAL,E92000001,TBS0179
D7D5C158-2E6F-4133-A601-14D729EFB1F5,ROWLEY HOSPITAL,E92000001,TBS0180
B95F2B70-0A48-4470-BF16-8BA6FC1A2264,ROWLEY REGIS HOSPITAL,E92000001,TBS0181
459820F1-9C30-4998-A207-9DBADA17108C,ROXBOURNE HOSPITAL,E92000001,TBS0181
3CD116F8-C660-46A1-96A0-EF6CE8FB532E,ROYAL ALBERT EDWARD INFIRMARY,E92000001,TBS0181
6A4403F4-4E9D-44D5-B78E-B330547BB781,ROYAL ALEXANDRA CHILDREN'S HOSPITAL [BRIGHTON],E92000001,TBS0181
2A474E42-4634-4990-84AB-B0EE3AE8327E,ROYAL ALEXANDRA HOSPITAL [RHYL],W92000004,TBS0181
B8AA918D-233F-4C41-B9AE-BE8A8DC8BE7A,ROYAL BERKSHIRE HOSPITAL,E92000001,TBS0182
850C1F6B-5BEF-4660-9A74-7656F784D86C,ROYAL BLACKBURN HOSPITAL,E92000001,TBS0182
BAEB671B-1B0D-4064-B637-87C2DBBD97A3,ROYAL BOLTON HOSPITAL,E92000001,TBS0183
978FBF0B-9C22-4C29-BD4D-C3B613429519,ROYAL BOURNEMOUTH GENERAL HOSPITAL,E92000001,TBS0184
C0754ABF-09FF-429F-A464-FC9D00834B26,ROYAL BOURNEMOUTH GENERAL HOSPITAL,E92000001,TBS0185
4F7BA3F9-C2C7-453A-8775-1283615F61FF,ROYAL BOURNEMOUTH HOSPITAL,E92000001,TBS0186
AAEBAAC0-3ACE-4AB2-B473-8A09749C7787,ROYAL BROMPTON HOSPITAL,E92000001,TBS0187
EAAD3369-BCC6-4F59-9E05-A9F8503322DA,ROYAL BUCKINGHAMSHIRE HOSPITAL,E92000001,TBS0188
0A5A2531-1F6C-438B-90D1-427D14B35632,ROYAL CORNWALL HOSPITAL (TRELISKE),E92000001,TBS0189
6BAE1060-FAC0-4515-8CE5-D09DD5B6EEFE,ROYAL DEVON & EXETER HOSPITAL (WONFORD),E92000001,TBS0190
18B6E8B8-C327-4F37-9143-C215BAD7FAF3,ROYAL EYE INFIRMARY,E92000001,TBS0191
F6801336-866E-4767-9019-B4B576ACB729,ROYAL FREE HOSPITAL,E92000001,TBS0192
2C36399E-8ABA-4BE8-99D9-DE1A01341F9E,ROYAL GLAMORGAN HOSPITAL,W92000004,TBS0193
E3E38A75-0CD0-4F91-BD71-653752D7F209,ROYAL GWENT HOSPITAL,W92000004,TBS0193
9278A04D-C67A-47A6-963D-25048B4FD834,ROYAL HALLAMSHIRE HOSPITAL,E92000001,TBS0194
F788E479-E3DE-4372-87F6-00AD90DF8132,ROYAL HAMPSHIRE COUNTY HOSPITAL,E92000001,TBS0194
20120FAC-8E26-49E2-83CD-0C1EC364FA9E,ROYAL HOSPITAL (WOLVERHAMPTON),E92000001,TBS0195
F5406AA8-F218-4EC3-A457-E2F73789D5C9,ROYAL HOSPITAL FOR SICK CHILDREN [BELFAST],N92000002,TBS0195
F8E5AAC4-ADB0-4ECF-87D1-851F32559C76,ROYAL HOSPITAL HASLAR,E92000001,TBS0195
64A797C5-6852-4095-97AE-3BD45BEB357F,ROYAL INFIRMARY OF EDINBURGH,E92000001,TBS0196
16A5BC66-9D12-4156-8DB9-2B75292BFCEB,ROYAL LANCASTER INFIRMARY,E92000001,TBS0196
C1A0DA74-9E02-43FC-BEEC-14589057478C,ROYAL LEAMINGTON SPA REHABILITATION HOSPITAL,E92000001,TBS0196
858F0D2C-E3C5-4CFF-BD82-C311D8F376C9,ROYAL LIVERPOOL UNIVERSITY HOSPITAL,E92000001,TBS0196
323F047E-5341-424A-886C-0324AB669FE7,ROYAL LONDON HOMEOPATHIC HOSPITAL,E92000001,TBS0196
DC46AA79-983D-4C10-84C9-1181FDDD2F4C,ROYAL LONDON HOSPITAL,E92000001,TBS0196
E97E21FB-2810-4664-A21C-CD845B44D4F8,ROYAL MANCHESTER CHILDREN'S HOSPITAL,E92000001,TBS0197
AD0E1247-6C1B-4056-BAFC-071F67C97550,ROYAL MARSDEN HOSPITAL (LONDON),E92000001,TBS0198
A9820956-84CD-4373-8E93-04EB01C45C87,ROYAL MARSDEN HOSPITAL (SURREY),E92000001,TBS0199
79236FD5-E97D-45E7-9A5B-5EE9B623C6D3,ROYAL NATIONAL HOSPITAL FOR RHEUMATIC DISEASES,E92000001,TBS0200
C109B0B2-33F3-4D29-8D37-E25623D9A2F6,ROYAL NATIONAL ORTHOPAEDIC HOSPITAL (BOLSOVER STREET),E92000001,TBS0200
A90EE26B-EC10-4047-BF21-DDBFF9735E6D,ROYAL NATIONAL ORTHOPAEDIC HOSPITAL (STANMORE),E92000001,TBS0201
11B304C6-F0BC-498F-925B-1FC8E1C7031A,"ROYAL NATIONAL THROAT, NOSE & EAR HOSPITAL",E92000001,TBS0202
2B1D1D3D-1CE0-4A95-9D5B-FBAD03E4B75C,ROYAL OLDHAM HOSPITAL,E92000001,TBS0203
1001BA58-BB01-4745-A1D2-B15FF4070EF0,ROYAL ORTHOPAEDIC HOSPITAL,E92000001,TBS0204
E4D073FA-9F5A-48D4-A0FD-10D4E667A634,ROYAL PRESTON HOSPITAL,E92000001,TBS0205
54F67F43-A30E-4A7D-8248-783119F1A360,ROYAL SHREWSBURY HOSPITAL,E92000001,TBS0206
3BE91589-F3E1-4200-A956-7973459DED35,ROYAL SOUTH HANTS HOSPITAL,E92000001,TBS0207
DEDA56B0-32E1-409B-8109-27F96C7308F7,ROYAL SURREY COUNTY HOSPITAL,E92000001,TBS0208
3522C2E0-F45E-4716-B1C3-DE9C70CAFEE0,ROYAL SUSSEX COUNTY HOSPITAL,E92000001,TBS0209
C1E0FE37-5D3F-436A-BBCF-ADF64A269F37,ROYAL UNITED HOSPITAL,E92000001,TBS0210
92908614-3504-420F-866F-8F53D2D796AE,ROYAL VICTORIA HOSPITAL [BELFAST],N92000002,TBS0211
1B5EF984-A883-4248-9285-7E02BE2DB1C3,ROYAL VICTORIA HOSPITAL [FOLKESTONE],E92000001,TBS0212
213920FC-BF88-43E1-858F-BF29F08C4AE1,ROYAL VICTORIA INFIRMARY [NEWCASTLE],E92000001,TBS0213
768011C9-E0C4-4B1B-84A3-317C4BF2F402,ROYSTON HOSPITAL,E92000001,TBS0214
18F24540-166D-4D59-84D7-61AA1CCB46C0,RUNNEYMEDE HOSPITAL,E92000001,TBS0215
25BF770E-FAA6-4E5E-B412-A125DDEC94ED,RUNWELL HOSPITAL,E92000001,TBS0216
50757C7C-705D-44E7-968E-C3189B9C94A1,RUSHDEN HOSPITAL,E92000001,TBS0217
13958BEA-C1BC-4CCF-AD03-E9BBFA016502,RUSHDEN MEMORIAL CLINIC,E92000001,TBS0218
2284B28D-6722-4D27-B30B-8EC34E413985,RUSSELLS HALL HOSPITAL,E92000001,TBS0219
29D4DED5-BCFB-4CFD-B6DA-1F3EF98D3A64,RUTH LANCASTER JAMES HOSPITAL (ALSTON MATERNITY),E92000001,TBS0220
03F4894F-0EF3-4C23-8701-245F83D9E66C,RUTHIN COMMUNITY HOSPITAL,W92000004,TBS0221
F128C767-8664-40B9-A086-FD929AE133A2,RUTSON HOSPITAL,E92000001,TBS0222
AF29E41E-2F82-41AC-983E-FF1DF2294E58,RYE MEMORIAL HOSPITAL,E92000001,TBS0223
D8705A5E-3662-406D-A540-AFA447AABCA3,RYHOPE GENERAL HOSPITAL,E92000001,TBS0224
BECD2E23-8D27-42B8-9B03-D96571023580,SAFFRON WALDEN COMMUNITY HOSPITAL,E92000001,TBS0225
3ECAC202-C204-4384-B3F9-0D3FF412DC36,SALFORD ROYAL,E92000001,TBS0226
61FCC8A0-34D4-418C-A77D-55328773DBB2,SALISBURY DISTRICT HOSPITAL,E92000001,TBS0227
64150436-2AAC-45AF-B6C0-5F948DC3CBF3,SAMARITAN HOSPITAL FOR WOMEN,E92000001,TBS0228
E9241B59-41A5-463A-8933-2ABE381D91B6,SANDRINGHAM HOSPITAL,E92000001,TBS0229
54279A3A-DBBD-41A3-A317-FA565D1B6E3B,SANDWELL GENERAL HOSPITAL,E92000001,TBS0230
2A6FA966-D70F-48F0-A72A-782827EE1974,SARUM ROAD HOSPITAL,E92000001,TBS0231
D43A3585-C851-48AE-9FFD-8CF9045BEFC2,SAVERNAKE HOSPITAL,E92000001,TBS0232
E798FCD0-C648-4A84-AA52-4274711438E1,SAXON CLINIC,E92000001,TBS0232
EAD4DC97-A84A-4DEB-A1CE-73CF295A0095,SCALEBOR PARK HOSPITAL,E92000001,TBS0232
003ADE77-4099-4AFF-AFC9-564757F54ECB,SCARBOROUGH GENERAL HOSPITAL,E92000001,TBS0232
3FE6C7BF-C0BD-4B9F-87F5-1BAC12969A91,SCARSDALE HOSPITAL,E92000001,TBS0232
F376D84F-37B1-4013-BB85-209788983603,SCOTT HOSPITAL,E92000001,TBS0232
C7CE583F-996D-4116-AFCA-71E1EFE96EFE,SCUNTHORPE GENERAL HOSPITAL,E92000001,TBS0233
52D019A7-3FA9-46E4-BEF9-A645DB4C783F,SEACROFT HOSPITAL,E92000001,TBS0233
4A8AA3DC-1DA9-42CD-B9AE-4E882255D86A,SEAFORD DAY HOSPITAL,E92000001,TBS0234
1FDE9AE3-9A76-406B-93D6-E3BEA0CB2250,SEDGEFIELD COMMUNITY HOSPITAL,E92000001,TBS0234
D27FE1AE-3758-48DB-9DA9-7C0EA3C6C5CA,SELBY & DISTRICT WAR MEMORIAL HOSPITAL,E92000001,TBS0235
7D3350C0-9637-43B9-B866-00562796EBF1,SELLY OAK HOSPITAL,E92000001,TBS0236
37187AC2-5DA3-46A1-B6B1-2DFF7C8C9720,SEVENOAKS HOSPITAL,E92000001,TBS0237
457925D3-DB5B-459A-8130-A4D0D367F4AE,SHEFFIELD CHILDREN'S HOSPITAL,E92000001,TBS0237
D20F8B13-6717-47CA-A235-F772A8D16514,SHELBURNE HOSPITAL,E92000001,TBS0237
5E4CFCA5-F1DA-4233-AFE8-F41F9E34392C,SHELTON HOSPITAL,E92000001,TBS0238
5D3AFB26-C8A6-44F6-A00A-F50D23FB220E,SHEPPEY COMMUNITY HOSPITAL,E92000001,TBS0239
F1484BB2-5277-45F9-8549-0C4EA1255AFF,SHEPTON MALLET COMMUNITY HOSPITAL,E92000001,TBS0239
67956308-B9DF-4107-B50F-3F6C911005AE,SHIPLEY HOSPITAL,E92000001,TBS0241
6F637C51-B8AA-4FFF-A796-CF69BDAA49F7,SHIREHILL HOSPITAL,E92000001,TBS0242
910D3AE1-0C2C-4ED6-BAAC-0E1E69260969,SHIRLEY OAKS HOSPITAL,E92000001,TBS0243
4C04567B-5AD0-4660-9186-E6C36734DFCF,SHOTLEY BRIDGE HOSPITAL,E92000001,TBS0244
9878D735-1022-4001-86BA-7E53F576F850,SINGLETON HOSPITAL,W92000004,TBS0245
4485E161-A44C-43FD-B43F-A038F3BEB012,SIR ALFRED JONES MEMORIAL HOSPITAL (ACUTE),E92000001,TBS0246
0D92E7FF-ABA9-4E80-A048-A3ED4E0C44F0,SIR G B HUNTER MEMORIAL HOSPITAL,E92000001,TBS0247
485BF2DA-6079-4160-BD84-8EB30559C63C,SITTINGBOURNE MEMORIAL HOSPITAL,E92000001,TBS0248
AC84273E-BBE7-4720-B731-5892E4EE1B2C,SKEGNESS & DISTRICT GENERAL HOSPITAL,E92000001,TBS0249
31B6677D-F5DF-4101-950D-CD47878EDF55,SKIPTON GENERAL HOSPITAL,E92000001,TBS0250
98AC8F80-56BE-43BC-A433-7E92E0CABEB1,SLOANE HOSPITAL,E92000001,TBS0251
4CA759BF-600E-4E4D-BE99-0F5B09F8AD4C,SOLIHULL HOSPITAL,E92000001,TBS0252
D1A119D9-92BD-4863-92B5-A03536C18CB1,SOMERFIELD HOSPITAL,E92000001,TBS0253
4CDAAC14-F923-4735-91CD-EE695752FEE3,SOUTH CHESHIRE PRIVATE HOSPITAL,E92000001,TBS0253
A22DDA9E-0C7D-475F-BA10-6B76D549F920,SOUTH HAMS HOSPITAL,E92000001,TBS0254
4970EA1F-B07D-4290-98C7-1CBFC055829E,SOUTH MOLTON HOSPITAL,E92000001,TBS0255
5B41832A-3656-4A4C-B3A7-E6D3D67D76D8,SOUTH MOOR HOSPITAL,E92000001,TBS0256
766271CD-8BB8-4B14-9C4D-50424A30F6BC,SOUTH PEMBROKESHIRE HOSPITAL HEALTH & SOCIAL CARE RESOURCE CENTRE,W92000004,TBS0257
F13B200D-FD21-4078-A951-FC5FC331718D,SOUTH PETHERTON HOSPITAL,E92000001,TBS0258
90CD195C-CA0B-41FE-A04B-70D2C90C15B7,SOUTH SHORE HOSPITAL,E92000001,TBS0259
D3BF3541-5F1E-4BDB-B779-0225FEF56501,SOUTH TYNESIDE DISTRICT HOSPITAL,E92000001,TBS0259
B9B71847-9616-4993-A609-93801703AE02,SOUTH TYRONE HOSPITAL,N92000002,TBS0260
00BDDB9C-07F5-46D0-AFB0-12F66BB85AB9,SOUTHAMPTON GENERAL HOSPITAL,E92000001,TBS0261
33E41BC7-1A80-4FB3-A1B8-1AE4E9543F4E,SOUTHEND HOSPITAL,E92000001,TBS0262
84576348-2DCA-4487-B0A9-46268F222FA6,SOUTHLANDS HOSPITAL,E92000001,TBS0262
BCFC88E8-EAD4-4E40-9D7E-BE7896ADBD4A,SOUTHMEAD HOSPITAL,E92000001,TBS0262
D04EEDE9-BA6F-4190-9EAF-E93398312F5C,SOUTHPORT & FORMBY DISTRICT GENERAL HOSPITAL,E92000001,TBS0262
6344CD67-0F25-4288-9026-6AF917DF5790,SOUTHPORT GENERAL INFIRMARY,E92000001,TBS0262
733FD6D6-BE41-42ED-B105-68ACD32B678F,SOUTHWOLD HOSPITAL,E92000001,TBS0263
A4CBA359-68E2-4188-91A7-0991B72B2013,SPIRE ALEXANDRA HOSPITAL,E92000001,TBS0263
B50B66ED-8182-4EF8-9B7D-848F14CB3E91,SPIRE BARNSLEY CONSULTING ROOMS,E92000001,TBS0263
E251A3AB-EBCF-4128-A93D-AEFB37B39FDA,SPIRE BRISTOL HEALTH CLINIC,E92000001,TBS0263
2F262B76-8FEF-47F8-B650-EEDA51D76200,SPIRE BRISTOL HOSPITAL,E92000001,TBS0263
5C5CBC05-7E6A-4B10-ADD0-7F7638EC1918,SPIRE BUSHEY HOSPITAL,E92000001,TBS0263
8F3159BC-446D-4E05-AD90-B26B5A983C6C,SPIRE CARDIFF HOSPITAL,W92000004,TBS0264
266014B2-0BC5-4DAF-9BFF-219F1C77DB68,SPIRE CHESHIRE HOSPITAL,E92000001,TBS0265
FCAEC936-3AFF-4B19-A1A0-048EA2A06AE0,SPIRE CLARE PARK HOSPITAL,E92000001,TBS0001
6A7F7BD2-5667-4CF8-A857-E8AE47871898,SPIRE DUNEDIN HOSPITAL,E92000001,TBS0002
34A57071-C138-4F11-B5E8-15BBC4B5462D,SPIRE ELLAND HOSPITAL,E92000001,TBS0003
26B15340-F812-4993-87D8-1A6E32C8115C,SPIRE FYLDE COAST HOSPITAL,E92000001,TBS0004
F81364F2-4002-4D20-8728-3997C24A62B4,SPIRE GATWICK PARK HOSPITAL,E92000001,TBS0005
4E5B013C-66D5-4098-AD3F-78D03587C653,SPIRE HARPENDEN HOSPITAL,E92000001,TBS0006
F72C4F52-85C3-4EF8-9ABF-B636B293B417,SPIRE HARTSWOOD HOSPITAL,E92000001,TBS0006
D0602BD5-530D-474E-BF74-532BFBFEB6D8,SPIRE HULL AND EAST RIDING HOSPITAL,E92000001,TBS0006
C9C50578-F0C3-4FF0-8438-409C9A17A7A0,SPIRE LEA CAMBRIDGE HOSPITAL,E92000001,TBS0006
053AE50B-3B39-44B7-89EC-1BCE415BD846,SPIRE LEEDS HOSPITAL,E92000001,TBS0006
8FA5E547-B7C7-45CB-8912-8609D6C16F1D,SPIRE LEICESTER HOSPITAL,E92000001,TBS0007
6E03AD18-2623-42CF-A39A-1A78DCEF8714,SPIRE LITTLE ASTON HOSPITAL,E92000001,TBS0008
90546964-E70F-4518-A11C-E912C7812587,SPIRE LIVERPOOL HOSPITAL,E92000001,TBS0009
6DB4A299-9431-4E71-A0D9-C97B186CE043,SPIRE LIVINGSTON CLINIC,E92000001,TBS0010
D473C823-EC99-43F8-AE8F-23EB332B1B29,SPIRE LONGLANDS CONSULTING ROOMS?,E92000001,TBS0011
C29F5A18-29E6-45CA-9F70-F436002750AE,SPIRE MANCHESTER HOSPITAL,E92000001,TBS0012
48B7A7B0-ED79-45AF-92CF-25445C376102,SPIRE METHLEY PARK HOSPITAL,E92000001,TBS0012
42047D4A-7837-419C-87B0-EC879F751745,SPIRE MURRAYFIELD HOSPITAL,E92000001,TBS0013
C72AE942-1BAA-4136-A21F-39438BF52F71,SPIRE NORWICH HOSPITAL,E92000001,TBS0014
8D98D3C3-2705-40C3-9C9C-C22730BD711E,SPIRE PARKWAY HOSPITAL,E92000001,TBS0015
D383E248-A391-4CAD-8394-85871B372412,SPIRE PORTSMOUTH HOSPITAL,E92000001,TBS0016
0E7E5809-D38E-40D7-9C70-B69660C244C7,SPIRE REGENCY HOSPITAL,E92000001,TBS0017
4D5C6FDB-DC53-44D3-8800-6A6BABC9EA35,SPIRE RODING HOSPITAL,E92000001,TBS0018
02C4ADA5-6853-448E-AE72-33E1395F7CF3,SPIRE SOUTH BANK HOSPITAL,E92000001,TBS0018
671BE757-50E5-4636-912E-707241AF5149,SPIRE SOUTHAMPTON HOSPITAL,E92000001,TBS0019
21F28284-C7B7-4CF3-9B55-03B80BA14477,SPIRE ST SAVIOUR'S HOSPITAL,E92000001,TBS0019
2332B4F9-B6C0-42A5-86D6-ECA9837D40A7,SPIRE SUSSEX HOSPITAL,E92000001,TBS0019
292D7A2B-1B87-4644-AD43-83F1301A0C94,SPIRE THAMES VALLEY HOSPITAL,E92000001,TBS0019
0838CD26-5690-461E-BCF4-11DE5E20D606,SPIRE TUNBRIDGE WELLS HOSPITAL,E92000001,TBS0019
2C216F57-6C1A-4E50-811A-5F8A5B8568B3,SPIRE WASHINGTON HOSPITAL,E92000001,TBS0019
339E7A48-B7CB-4947-99D2-E5943533F2CC,SPIRE WELLESLEY HOSPITAL,E92000001,TBS0019
63FB8F7E-54B8-4900-9E90-D171A1763FC7,SPIRE YALE HOSPITAL,W92000004,TBS0019
7C1C7F89-D326-42EC-8EDD-D67CD3E52488,SPRINGFIELD HOSPITAL,E92000001,TBS0019
E1DDA57D-81AB-4C5E-BFFC-C631204ED830,ST ALBANS CITY HOSPITAL,E92000001,TBS0019
E26D81F7-1557-4193-BC39-0EDB829E0F37,ST ANDREWS [WELLS],E92000001,TBS0019
D719E975-644B-4FDA-B001-C77AB132A672,ST ANDREW'S HOSPITAL [LONDON],E92000001,TBS0020
FD883E81-6F40-4D86-A7B0-776A1B39BC75,ST ANNE'S HOSPITAL [ALTRINCHAM],E92000001,TBS0021
7545FC82-4A58-4C7C-AAB4-3E169C0DFC13,ST ANNS HOSPITAL [LONDON],E92000001,TBS0022
DC37346D-F34C-451B-90F0-35B5D69AAE46,ST ANN'S HOSPITAL [POOLE],E92000001,TBS0023
9B11D0F4-3C0E-4DA3-B11C-BD90C0E4D65A,ST ANTHONYS HOSPITAL,E92000001,TBS0024
31140AE9-27D7-4860-833B-673DAB14FD0E,ST AUSTELL COMMUNITY HOSPITAL,E92000001,TBS0025
28DCB0DC-31D4-4B7A-AD44-3E27CB37016C,ST BARNABAS HOSPITAL,E92000001,TBS0025
E0FD498C-85F1-49D2-A283-0DCC0DC367B6,ST BARTHOLOMEWS DAY HOSPITAL [LIVERPOOL],E92000001,TBS0025
EE8F217B-E6E3-4838-BE3A-9916B24BE160,ST BARTHOLOMEW'S HOSPITAL [LONDON],E92000001,TBS0025
B400850E-8FC9-46F0-9018-C6BD26460B44,ST BARTHOLOMEWS HOSPITAL [ROCHESTER],E92000001,TBS0026
18BB0905-D268-4F33-9C94-B6A15791C7F4,ST CADOCS HOSPITAL,W92000004,TBS0027
11E3674C-17D3-4C4E-8F2C-A4AF70DD6FB0,ST CATHERINES HOSPITAL,E92000001,TBS0028
4745FEBE-293F-40EC-BC10-8490A4B245CD,ST CHARLES HOSPITAL,E92000001,TBS0028
9BA3ECFD-157A-418D-9FE4-5FC83ADD48B0,ST CHRISTOPHER'S HOSPITAL,E92000001,TBS0028
CD6E1EB8-0A2C-470D-8C2F-C8A6089A7E02,ST DAVID'S COMMUNITY HOSPITAL [CARDIFF],W92000004,TBS0028
3F83592D-30EB-4F87-A13E-94B62308CC5C,ST DAVIDS HOSPITAL [CARMARTHEN],W92000004,TBS0028
40BCDEEF-7D37-4632-9893-70F454A50045,ST EDMUNDS HOSPITAL [BURY],E92000001,TBS0028
B30F30F7-51E8-4805-B1D3-6D719A0B5B9A,ST EDMUND'S HOSPITAL [NORTHAMPTON],E92000001,TBS0029
A54F2A19-1469-40D9-8913-799107453654,ST GEMMA'S HOSPICE,E92000001,TBS0030
DB2877FD-2B4B-402E-9964-AF271F1CD9AE,ST GEORGES HOSPITAL [LINCOLN],E92000001,TBS0031
9D01552F-D274-4CBC-A4A6-A15E4D34A72C,ST GEORGES HOSPITAL [MORPETH],E92000001,TBS0032
ACC36813-9C02-46FD-88A6-3358B3BFE182,ST GEORGE'S HOSPITAL [STAFFORD],E92000001,TBS0033
ECB3DE7F-012B-4F8C-A56E-6D5813CC01AD,ST GEORGE'S HOSPITAL [TOOTING],E92000001,TBS0034
459F4747-A065-4288-8184-2536237F016B,ST HELENS HOSPITAL [MERSEYSIDE],E92000001,TBS0035
0E76ADA3-8CCD-4426-A6D0-4B08663C38A5,ST HELENS REHABILITATION HOSPITAL [YORK],E92000001,TBS0036
97B68A41-F8C9-49B5-BE79-0F646C3E3BA1,ST HELIER HOSPITAL,E92000001,TBS0036
E2DDA559-E27C-4E94-99EB-814E4F9FD476,ST JAMES HOSPITAL [SOUTHSEA],E92000001,TBS0036
EFC96CA7-099F-4D15-9420-DE1E381833DE,ST JAMES'S UNIVERSITY HOSPITAL [LEEDS],E92000001,TBS0037
CFCEDB91-8957-4483-98C8-A796B2D36508,ST JOHN & ST ELIZABETH HOSPITAL,E92000001,TBS0038
DC26D176-1277-4CE2-A1A9-4CCADD053E27,ST JOHNS HOSPITAL,E92000001,TBS0039
B568B5FB-FF20-4CD5-BB76-47375E796653,ST JOSEPH'S HOSPITAL,W92000004,TBS0040
B9262D3F-B00C-47E4-A6FB-7891523FCE51,ST LEONARDS HOSPITAL [RINGWOOD],E92000001,TBS0040
0370A142-F5ED-4C1E-991C-5D92B2AACB40,ST LEONARDS HOSPITAL [SUDBURY],E92000001,TBS0041
46DDBEEE-A422-4794-9640-0C114E1F6AC9,ST LUKE'S HOSPITAL [BRADFORD],E92000001,TBS0042
07C51540-3FB0-44D6-8C40-C98A4FF59AE2,ST LUKE'S HOSPITAL [HUDDERSFIELD],E92000001,TBS0043
E83FCEC2-0045-4E25-B86D-95451479D08B,ST LUKE'S HOSPITAL [MIDDLESBROUGH],E92000001,TBS0043
795BB9C1-8D85-4B38-AD40-D77344139FC1,ST MARK'S HOSPITAL [HARROW],E92000001,TBS0043
23AA321D-33D9-4B4F-AC38-F585A004B1D2,ST MARKS HOSPITAL [MAIDENHEAD],E92000001,TBS0044
FC53EF0A-C36F-46D9-B6F0-F8F86CD9CB00,ST MARTINS HOSPITAL [BATH],E92000001,TBS0044
36910905-2275-4316-BEB5-241396E8B893,ST MARTINS HOSPITAL [CANTERBURY],E92000001,TBS0045
9FA43296-0946-4E57-BB3C-1E599B6D611B,ST MARYS [GLOUCESTER],E92000001,TBS0046
1E017501-E18E-471C-9A41-433367097FBA,ST MARY'S HOSPITAL [ISLE OF WIGHT],E92000001,TBS0047
CD65D55F-1EB0-43C2-A2F0-F08790090AC8,ST MARY'S HOSPITAL [KETTERING],E92000001,TBS0048
A2C4EACE-1BEF-4773-BDBC-D6FAD216867B,ST MARY'S HOSPITAL [LEEDS],E92000001,TBS0049
5911C2F6-5441-430B-98F4-369132CE4513,ST MARY'S HOSPITAL [LONDON],E92000001,TBS0050
7D3100CC-0A92-4256-8988-4F9101EE8F45,ST MARY'S HOSPITAL [MANCHESTER],E92000001,TBS0051
98F82C09-D243-4C39-8260-4874C71A0433,ST MARY'S HOSPITAL [MELTON MOWBRAY],E92000001,TBS0051
FC02F232-E6C9-477A-BC1C-28B800038857,ST MARY'S HOSPITAL [PORTSMOUTH],E92000001,TBS0051
1CA2BB07-2FB7-4E0C-A853-0568D7452BA0,ST MARY'S HOSPITAL [SCARBOROUGH],E92000001,TBS0051
695D7449-A7BF-46DD-9E7E-6D49F05C24D1,ST MARY'S HOSPITAL [ST MARY'S],E92000001,TBS0052
F424CE2A-D643-4CB6-99DD-98126CB2C2CE,ST MICHAEL'S HOSPITAL [BRAINTREE],E92000001,TBS0053
1CFD833F-76CA-41E5-B151-65045DF09358,ST MICHAEL'S HOSPITAL [BRISTOL],E92000001,TBS0053
A661EB9F-262C-49E8-BC53-1010973021AB,ST MICHAEL'S HOSPITAL [HAYLE],E92000001,TBS0053
768CFC30-FC07-420F-86CE-D6F91501D253,ST MONICAS HOSPITAL,E92000001,TBS0053
9E2BD90D-DD34-4355-AF2A-2917065629F0,ST NICHOLAS HOSPITAL,E92000001,TBS0053
C0185C82-7014-4A10-85A5-A644CBF4572B,ST OSWALDS HOSPITAL,E92000001,TBS0053
266FA510-3C54-4AAD-92BF-F30BDA272D68,ST PANCRAS HOSPITAL,E92000001,TBS0053
5D75DA70-D99E-46D6-A066-97347F6EE5C4,ST PAUL'S HOSPITAL,E92000001,TBS0054
6E1A2FB2-F33D-407E-B3DF-8F01115D9D47,ST PETER'S HOSPITAL [CHERTSEY],E92000001,TBS0054
C58DFE16-BCF6-4380-97E2-A2250C63B41D,ST PETER'S HOSPITAL [MALDON],E92000001,TBS0054
2AE06413-A942-4C89-8DE1-1FA212FCD64B,ST RICHARD'S HOSPITAL,E92000001,TBS0054
0F2AA7DE-6615-400E-BB14-EC960D42994D,ST THOMAS' HOSPITAL [LONDON],E92000001,TBS0054
FBF5EED1-36ED-49EF-8205-89FC822B3F28,ST THOMAS HOSPITAL [STOCKPORT],E92000001,TBS0054
FA6A9204-08C5-41AE-911E-D3510FF9B9BA,ST TYDFILS HOSPITAL,W92000004,TBS0054
ED102EED-92F5-449E-8A9A-AC26B587C0A5,ST WOOLOS,W92000004,TBS0055
C1ADB3E8-8D55-4A30-86E1-8834C328E6F0,ST. MARGARET'S HOSPITAL,E92000001,TBS0056
10ADE1D8-E91F-44E1-B6FB-6FDBCF38EDCA,STAFFORDSHIRE GENERAL HOSPITAL,E92000001,TBS0056
FA7F0D01-6347-41C3-B183-E504EB17CC6C,STAMFORD & RUTLAND HOSPITAL,E92000001,TBS0056
818340C5-52A3-44C5-BE80-957033A3DCDA,STANDISH HOSPITAL,E92000001,TBS0057
26C2E669-97E7-4E78-97E2-B87AF2729EA7,STEAD PRIMARY CARE HOSPITAL,E92000001,TBS0057
F6F75ED0-C2BA-4AF1-B62A-28559B3F34EF,STEPPING HILL HOSPITAL,E92000001,TBS0058
71259DBF-B9B8-46ED-A7BD-9C256BDF848B,STEWART DAY HOSPITAL,E92000001,TBS0059
B6333773-5B85-45D6-AA19-A60BB101B659,STOKE MANDEVILLE HOSPITAL,E92000001,TBS0059
458809A5-5AE8-4D9D-8AF3-D4249D14A5DE,STONE HOUSE HOSPITAL,E92000001,TBS0060
3FA1136D-A326-49E0-907F-8E12DB7F8429,STONEBURY DAY HOSPITAL,E92000001,TBS0060
D5E9268F-E45E-48CD-AA4D-35A846FECB45,STRATFORD HOSPITAL,E92000001,TBS0061
4E9C7A1D-A42D-414A-9D14-4E2986C939F0,STRATTON HOSPITAL,E92000001,TBS0062
DB845686-5165-43FD-9848-2751E2E5D27E,STRETFORD MEMORIAL HOSPITAL,E92000001,TBS0062
A5AA2617-09B7-4889-A863-2DFA6D254236,STROUD GENERAL HOSPITAL,E92000001,TBS0062
9A08A374-5112-4386-9EA1-100819754D8B,STROUD MATERNITY HOSPITAL,E92000001,TBS0063
CC66F1F9-F212-4007-9797-BC61D23EB847,SUNDERLAND EYE INFIRMARY,E92000001,TBS0063
0CB2DFF3-5AB3-46B2-AD45-E70716D8B853,SUNDERLAND ROYAL HOSPITAL,E92000001,TBS0064
04DD6731-97A7-4FAD-BFDE-D95C98CD04C5,SURBITON HOSPITAL,E92000001,TBS0064
DE3CCD70-38DF-460B-9A20-E0857C55C292,SUTTON HOSPITAL,E92000001,TBS0064
20F1A936-225B-4B47-9ECD-CEDC4FB2FD45,SWANAGE COMMUNITY HOSPITAL,E92000001,TBS0064
D5A39D4B-BFA0-4FF0-B6B5-D1B75D75D10C,SWN-Y-GWYNT DAY HOSPITAL,W92000004,TBS0064
391FBB68-4531-4F6C-9E8D-B79B8CA93608,SYLVAN HOSPITAL,E92000001,TBS0064
BCF74C38-CE96-4CBF-8656-EB25021D23B0,TAMESIDE GENERAL HOSPITAL,E92000001,TBS0065
4F24DD69-5BC8-4F1C-99F5-2260817643A6,TARPORLEY WAR MEMORIAL HOSPITAL,E92000001,TBS0065
F934B137-6E22-4DC8-BCC4-272F75D7F6DF,TAVISTOCK HOSPITAL,E92000001,TBS0065
E310A5BD-842E-4298-A162-667ABB8E9DD2,TEDDINGTON MEMORIAL HOSPITAL,E92000001,TBS0065
0A8AB02A-C64B-459E-8FF8-1F96BB8A0159,TEIGNMOUTH HOSPITAL,E92000001,TBS0066
2A1AEDE9-90B4-4967-84C7-E2788FDE1EEC,TENBURY COMMUNITY HOSPITAL,E92000001,TBS0067
D4D54135-D9E7-4664-B6F2-38D91B3DA119,TENBY COTTAGE HOSPITAL,W92000004,TBS0068
DBD45055-C1C6-46F5-828F-392E9C9BA04B,TEWKESBURY GENERAL HOSPITAL,E92000001,TBS0069
2E04B26E-1E81-4022-8D4E-F3817C3FBE47,THAME COMMUNITY HOSPITAL,E92000001,TBS0070
775CB1AA-73B9-480B-9EDD-23108F1F05E7,THOMAS LINACRE CENTRE,E92000001,TBS0071
B787C819-9215-4757-80E6-5349C10D1564,THORNBURY HOSPITAL [BRISTOL],E92000001,TBS0072
533F62DF-234B-41A9-8735-27B0849FA018,THORNBURY HOSPITAL [SHEFFIELD],E92000001,TBS0073
04248670-4D1F-4026-BF22-E913208E672E,THREE SHIRES HOSPITAL,E92000001,TBS0074
26B4B173-8990-41C6-8099-405D26F158D2,THURROCK COMMUNITY HOSPITAL,E92000001,TBS0075
FD9C1D05-D245-4DA8-B447-34B0F59244C6,TICKHILL ROAD HOSPITAL,E92000001,TBS0076
35D8D223-8E22-4601-9ABF-32B86BB8BC0C,TIVERTON AND DISTRICT HOSPITAL,E92000001,TBS0076
A5F820DD-37D5-4EF6-88D1-D779183C306B,TOLWORTH HOSPITAL,E92000001,TBS0077
C2E2F1FE-7A7E-4F18-8C45-869A53DD6124,TONBRIDGE COTTAGE HOSPITAL,E92000001,TBS0077
88FCD776-B1FB-4E1E-9E8C-31EA47AB719A,TONNA DAY HOSPITAL,W92000004,TBS0077
930F0749-18D8-47F3-B29E-424C352209BE,TORBAY DISTRICT GENERAL HOSPITAL,E92000001,TBS0077
3B110ED9-3FAF-458E-A188-E6C6D719707C,TORRINGTON HOSPITAL,E92000001,TBS0078
3A2B45AF-6C2C-4420-9B93-C54476743324,TOTNES COMMUNITY HOSPITAL,E92000001,TBS0079
F572F90A-512C-4271-825B-EF6C82C28610,TOWERS HOSPITAL,E92000001,TBS0080
5AFB1591-0296-42F0-8E1A-4ABE24FCFB7A,TOWNLANDS HOSPITAL,E92000001,TBS0081
3D2B0065-BB83-4E0E-9B23-D007500E703F,TRAFFORD GENERAL HOSPITAL,E92000001,TBS0082
0E757D5C-57B8-41F1-B2AE-A75AB69C4854,TREDEGAR GENERAL HOSPITAL,W92000004,TBS0083
6B91313F-05C5-4556-848F-0D4BD77B5B11,TREGARON HOSPITAL,W92000004,TBS0084
9DD22D58-44DC-4A73-9D52-E36CF488E570,TROWBRIDGE COMMUNITY HOSPITAL,E92000001,TBS0085
609BBAE6-B46B-4E9F-BCC4-44BD5B01599A,TYNDALE CENTRE DAY HOSPITAL,E92000001,TBS0086
77B00623-0EFD-4E7E-9CFD-B6A017CC9738,TYRELL HOSPITAL,E92000001,TBS0086
71179D01-F00F-4579-B87A-D622E9DFBB36,TYRONE COUNTY HOSPITAL,N92000002,TBS0086
05E4ACFC-593C-42B5-984E-98A54187E0D3,TYWYN & DISTRICT DAY HOSPITAL,W92000004,TBS0086
2A9C7E60-AF14-4929-8233-79DEB17855BD,UCKFIELD COMMUNITY HOSPITAL,E92000001,TBS0087
0F6D1869-C347-4A32-BE45-CEEA4DF5F537,ULSTER HOSPITAL,N92000002,TBS0088
7021E407-FB6A-462F-87F7-25EF32A85915,UNIVERSITY COLLEGE HOSPITAL,E92000001,TBS0089
7EB349C6-DB5A-423C-B996-A793B1E4DB1B,UNIVERSITY HOSPITAL AINTREE,E92000001,TBS0089
1EE330E7-3759-473B-93EB-A65A09DEE01D,UNIVERSITY HOSPITAL COVENTRY,E92000001,TBS0090
07186DB5-833F-4D9D-A0AA-E1374DD64FB8,UNIVERSITY HOSPITAL LEWISHAM,E92000001,TBS0091
D9348C9D-2B43-4439-BB05-3C1736A13E02,UNIVERSITY HOSPITAL OF HARTLEPOOL,E92000001,TBS0092
EA3F028D-3B47-4241-938C-E8C3DDF15E54,UNIVERSITY HOSPITAL OF NORTH DURHAM,E92000001,TBS0093
1ACEFE30-CB48-432C-9BBC-10B371AA0A59,UNIVERSITY HOSPITAL OF NORTH STAFFORDSHIRE,E92000001,TBS0094
E96C269C-E38F-4ABC-8D92-02AB29DED69C,UNIVERSITY HOSPITAL OF NORTH TEES,E92000001,TBS0095
F778894D-48C3-4F1D-99ED-7755507682FA,UNIVERSITY HOSPITAL OF WALES,W92000004,TBS0095
79F9B55E-5BD5-4862-A8FC-E5BFF1A957F9,UNIVERSITY HOSPITALS OF LEICESTER NHS TRUST,E92000001,TBS0095
6A939B10-83D6-4ECD-97DF-C3F732F3F77F,UPTON DAY HOSPITAL [KENT],E92000001,TBS0096
F606A608-5D17-4226-8FBF-92956EF34C27,UPTON HOSPITAL [SLOUGH],E92000001,TBS0097
B2A38A25-3FD9-4274-8EE5-F85744670EF1,UPTON HOUSE DAY HOSPITAL [NORTHAMPTON],E92000001,TBS0098
FC865A59-A750-4924-84BF-75D222287F4D,VELINDRE HOSPITAL,W92000004,TBS0099
4B6FA7AB-B480-4651-8831-ABC0F78755AF,VERRINGTON HOSPITAL,E92000001,TBS0100
A0E8BD6C-90EB-4C96-A868-834B41D3390B,VICTORIA CENTRAL HOSPITAL [WALLASEY],E92000001,TBS0100
38872531-C7EC-4F84-B3C2-3D3F0C923C18,VICTORIA COTTAGE HOSPITAL [MARYPORT],E92000001,TBS0100
3725A52C-1E6F-4A30-A55A-5FB4AA983973,VICTORIA HEALTH CENTRE,E92000001,TBS0101
D66633D4-3D4A-435C-A8AE-90845E79A6E7,VICTORIA HOSPITAL [DEAL],E92000001,TBS0102
67320253-12F2-4C75-BA77-A916DB405CB3,VICTORIA HOSPITAL [LICHFIELD],E92000001,TBS0103
2D14F397-3474-45B5-A8EF-995666FB7563,VICTORIA HOSPITAL [ROMFORD],E92000001,TBS0104
9623526C-0C4B-4FF2-A99D-4B8ED508A0CE,VICTORIA HOSPITAL [SIDMOUTH],E92000001,TBS0105
6A0DB87B-8A6E-48AB-964A-2E785CC3D6D3,VICTORIA INFIRMARY [CHESHIRE],E92000001,TBS0106
6B96E2F9-75A6-4C49-923D-98D448B2A266,VICTORIA MEMORIAL HOSPITAL [POWYS],W92000004,TBS0106
22E73828-676D-4C3E-BC25-092CB00C0AE0,WALKERGATE PARK HOSPITAL,E92000001,TBS0106
1BE6EA32-AB5D-4EFE-AC25-371D7B2525BD,WALLINGFORD COMMUNITY HOSPITAL,E92000001,TBS0107
E5AFD154-C762-434B-AC16-A54D71737D31,WALNUT TREE HOSPITAL,E92000001,TBS0107
5FA85AD6-B12C-4B32-A3BE-71697BFE26E9,WALTON CENTRE FOR NEUROLOGY & NEUROSURGERY,E92000001,TBS0107
1219B1C8-850C-483F-BF3B-16DC9090DC7B,WALTON COMMUNITY HOSPITAL,E92000001,TBS0107
CA29F4A2-7B4E-4D06-AEB3-A08FF41D2978,WALTON HOSPITAL,E92000001,TBS0107
C2E40F80-03FF-47F4-B092-A5176085BF35,WANSBECK GENERAL HOSPITAL,E92000001,TBS0107
335FE746-12F2-4C42-9F28-7F21A3535AD4,WANSTEAD HOSPITAL,E92000001,TBS0108
61ED6301-8B4A-4ED0-93BA-2FA07B5C8796,WANTAGE COMMUNITY HOSPITAL,E92000001,TBS0108
29C3BF29-502C-40FA-92A0-E91455B1ED5C,WARDERS MEDICAL CENTRE,E92000001,TBS0108
A6F34849-54F7-44E7-8FCE-265A9A8B604F,WARLEY HOSPITAL,E92000001,TBS0108
57725CC0-5C4D-4AC9-8DE6-5355CD8ABE66,WARMINSTER COMMUNITY HOSPITAL,E92000001,TBS0109
D5B0E5E7-051F-4F72-9980-288125B680F1,WARNINGLID DAY HOSPITAL,E92000001,TBS0109
3CDDA2A9-AB20-4B83-8CAF-68E7ECAC9CF5,WARRINGTON HOSPITAL,E92000001,TBS0109
9AA7CA5D-BAC1-4EFA-A393-DB5636D183B1,WARWICK HOSPITAL,E92000001,TBS0109
264F90DC-2C62-4E92-8F64-69F1085FE3E2,WATER EATON HEALTH CENTRE,E92000001,TBS0109
91C4FCB5-6CA9-468F-9085-55D267414263,WATERLOO DAY HOSPITAL,E92000001,TBS0109
5F9CEDDF-54D4-4279-B306-FA5382FBB4B4,WATFORD GENERAL HOSPITAL,E92000001,TBS0109
93CCB810-7DFD-44A5-AFE4-69C9D9C6D314,WATHWOOD HOSPITAL,E92000001,TBS0109
EEAEEA6E-08C1-4096-9866-588752A91764,WEALD DAY HOSPITAL,E92000001,TBS0109
7E1071F0-410C-4F32-8DD0-3763D23605E3,WELLAND HOSPITAL,E92000001,TBS0110
80018752-3AB1-4285-B26F-34655F5C4ED7,WELLINGTON & DISTRICT COTTAGE HOSPITAL,E92000001,TBS0110
ECAD63FF-94DA-48FF-927A-DB56BFF7B4E7,WELLINGTON HOSPITAL,E92000001,TBS0111
A53921B3-05D5-485C-9DCF-9CD7371D5A33,WEMBLEY HOSPITAL,E92000001,TBS0112
D3717548-D4E0-499A-9ED0-F933624773AF,WERNDALE HOSPITAL,W92000004,TBS0113
042FA0E4-791A-47A0-9F5F-2C1348954954,WESHAM PARK HOSPITAL,E92000001,TBS0114
60E405A2-4D47-4A49-A739-DBEDFB7BF9B3,WEST BERKSHIRE COMMUNITY HOSPITAL,E92000001,TBS0115
834B99CA-F6CC-47AA-BF9A-318726E89DC1,WEST CORNWALL HOSPITAL (PENZANCE),E92000001,TBS0116
77F47444-1AB3-4245-AE3F-4472EA7E4ADE,WEST CUMBERLAND HOSPITAL,E92000001,TBS0117
CD24E785-E620-4163-A001-FEAC1082711C,WEST HEATH HOSPITAL,E92000001,TBS0118
F8EECCF0-529D-4A86-AC0A-8795A315B33A,WEST LANE HOSPITAL,E92000001,TBS0119
148130AF-457A-4509-946D-F6E6736F22FF,WEST MENDIP COMMUNITY HOSPITAL,E92000001,TBS0119
A12C1FD7-A6C9-4E31-87A5-1CC213AEBDD6,WEST MIDDLESEX UNIVERSITY HOSPITAL,E92000001,TBS0119
DBF3318E-CE56-4FF7-B3D5-EF84C846B9EB,WEST MIDLANDS HOSPITAL,E92000001,TBS0119
4424DC08-B730-4A64-B252-0B138DD52699,WEST PARK HOSPITAL [DARLINGTON],E92000001,TBS0119
D9968CE6-7359-494E-8848-71D5F97C2446,WEST PARK HOSPITAL [EPSOM],E92000001,TBS0119
B52F9C45-7719-43F3-BC40-D1B140FE0F5C,WEST PARK HOSPITAL [WOLVERHAMPTON],E92000001,TBS0119
5A723464-DB3E-4387-AD11-AC66C0DA2653,WEST SUFFOLK HOSPITAL,E92000001,TBS0119
BF02E2DE-09BF-4F0F-BD63-6E8DD1DC5C8E,WEST WALES GENERAL HOSPITAL,W92000004,TBS0119
F6AF9DAE-A163-419F-ADE9-D4231621E518,WESTBURY COMMUNITY HOSPITAL,E92000001,TBS0119
4D3C8BFA-4DD5-48B9-8E52-6215B93E1132,WESTERN COMMUNITY HOSPITAL,E92000001,TBS0119
629BFD57-7C1D-438E-9CDF-C1524F885090,WESTERN EYE HOSPITAL,E92000001,TBS0119
FA1D124F-8A8E-4555-941C-8DB2A0964659,WESTFA DAY HOSPITAL,W92000004,TBS0119
DB5EC265-0E69-4987-9F3B-8632840FE10E,WESTMINSTER MEMORIAL HOSPITAL,E92000001,TBS0120
334D0057-4C0A-47A0-A833-66F0184770CD,WESTMORLAND GENERAL HOSPITAL,E92000001,TBS0121
0AC033AB-9A11-4FA6-AA1A-1FCA71180C2F,WESTON GENERAL HOSPITAL,E92000001,TBS0122
CAD2C172-1C1B-4194-81EE-582DEEF55F14,WESTON PARK HOSPITAL,E92000001,TBS0123
356F6B1A-AB11-44BF-8DB0-1AFC5D455FEE,WEXHAM PARK HOSPITAL,E92000001,TBS0123
8C00F2EF-4A63-4F7C-A264-552E5EA5C1F2,WEYBRIDGE COMMUNITY HOSPITAL,E92000001,TBS0123
3DBCF14F-400A-46B0-B179-1AA84E656724,WEYMOUTH COMMUNITY HOSPITAL,E92000001,TBS0124
A8EA4CAA-1E57-4A50-9817-C718DAD73539,WHALLEY DRIVE CLINIC,E92000001,TBS0124
631C5C01-A844-49EB-8CDF-7555416CAB1F,WHARFEDALE GENERAL HOSPITAL,E92000001,TBS0125
2E96D1A5-91D4-4F82-9B37-E090DBE091BE,WHELLEY HOSPITAL,E92000001,TBS0126
5B13CE84-37B9-43AD-AFA0-3407E277BFE2,WHIPPS CROSS UNIVERSITY HOSPITAL,E92000001,TBS0127
87EED220-C1A8-4F17-9BBB-59C9E8F90E6C,WHISTON HOSPITAL,E92000001,TBS0128
E78DC003-3CB5-4AF6-BAC6-822748137109,WHITBY COMMUNITY HOSPITAL,E92000001,TBS0129
13967C5C-8172-44F0-BDAB-B206C8BDD8D2,WHITCHURCH HOSPITAL [CARDIFF],W92000004,TBS0130
9DBBAC50-5607-4E9B-B21C-A1FAFDD1C36D,WHITCHURCH HOSPITAL [SHROPSHIRE],E92000001,TBS0131
19835E7E-2D97-4EE5-833E-62A603BA2685,WHITE CROSS REHABILITATION HOSPITAL,E92000001,TBS0131
78B6D05E-E916-4536-B091-3552019E326C,WHITEABBEY HOSPITAL,N92000002,TBS0132
7EDA8526-CE1A-4BBA-98D3-32E6E3CA816E,WHITSTABLE & TANKERTON HOSPITAL,E92000001,TBS0133
47159EA7-A205-4C4F-A93F-8D2D4498C39F,WHITTINGTON HOSPITAL,E92000001,TBS0134
EE749B92-C917-46DA-ADC3-B2A67FAA98ED,WHITWORTH HOSPITAL,E92000001,TBS0135
F937F259-3E02-4207-B62F-5528BC469424,WIGTON HOSPITAL,E92000001,TBS0136
172B8133-4B56-4858-982A-A2B8CB4CD46D,WILLESDEN HOSPITAL,E92000001,TBS0137
348E403C-7F80-4B6B-B5F3-0B4C62134E2B,WILLIAM HARVEY HOSPITAL,E92000001,TBS0137
E36442ED-35CB-40E0-882C-1C5D41BA3F68,WILLIAM JULIEN COURTAULD HOSPITAL,E92000001,TBS0137
397448BF-759F-4F96-BF78-A885710A2450,WILLITON HOSPITAL,E92000001,TBS0137
E1E68B14-02CC-40A2-B7DB-0F3EC16ECC89,WILLOWBANK DAY HOSPITAL,E92000001,TBS0137
3E5952E3-4D49-4C01-8AC4-E91928AF25A3,WILSON HOSPITAL,E92000001,TBS0137
1895E8B7-AB2C-4307-ADF3-F36A119A32A4,WIMBOURNE COMMUNITY HOSPITAL,E92000001,TBS0137
3846F91B-107F-430A-BADF-49FDF130079A,WINCHCOMBE HOSPITAL,E92000001,TBS0137
FA8FCDC3-4477-4B51-AFC6-1DEB64BF99FE,WINFIELD HOSPITAL,E92000001,TBS0137
69C94CD1-0423-4DF6-A64D-AAB6E96A569C,WINTERBOURNE HOSPITAL,E92000001,TBS0137
30B7756E-486A-40C7-A24D-FF5CA4860DB9,WITHERNSEA HOSPITAL,E92000001,TBS0138
1D024FDF-BDE9-4B5D-8E85-7682186CFF14,WITHINGTON HOSPITAL,E92000001,TBS0138
F6484B85-6324-42AE-B650-5BBCC8E41950,WITHYBUSH GENERAL HOSPITAL,W92000004,TBS0139
1FF7F5F2-1F35-47F0-8E3F-891EB4FDD2BD,WITNEY COMMUNITY HOSPITAL,E92000001,TBS0139
2599DD55-6274-41E1-AD21-3DBC0D2B8349,WOKING COMMUNITY HOSPITAL,E92000001,TBS0140
53737FF9-2B2E-4800-9851-5967DACD26D9,WOKINGHAM HOSPITAL,E92000001,TBS0140
F41CE433-DEE7-416C-B1ED-E723E740F5F8,WOLVERHAMPTON & MIDLAND EYE INFIRMARY,E92000001,TBS0140
2DFE6F2D-1A1E-45CA-82AA-CD19E85FDAEE,WOODLAND HOSPITAL [KETTERING],E92000001,TBS0140
1D6E8331-F3C2-4B5D-8415-E98DC82F72DE,WOODLANDS HOSPITAL [DARLINGTON],E92000001,TBS0140
6A9E42DA-C4BA-48F9-A6AC-ACC852027A87,WOODS HOSPITAL,E92000001,TBS0141
AF0562FD-363C-4F51-832F-41A133FE8147,WORCESTER ROYAL INFIRMARY,E92000001,TBS0142
AA1463DD-93E9-4315-A039-1DFD867FE5F5,WORCESTERSHIRE ROYAL HOSPITAL,E92000001,TBS0142
15E5950D-FC36-439D-AAB0-CA520E0B617C,WORKINGTON COMMUNITY HOSPITAL,E92000001,TBS0142
9D17ED6F-DEA4-4C69-8228-EBBE708E3148,WORTHING HOSPITAL,E92000001,TBS0143
9583590E-1925-4F46-9025-AEB6D5A04B07,WREXHAM CHEST CLINIC,E92000001,TBS0144
475FB009-C4B1-4B28-B526-96F06B922DB6,WREXHAM MAELOR HOSPITAL,W92000004,TBS0145
B748F1D2-0FD3-4155-99A9-93DA8BE2C960,WRIGHTINGTON HOSPITAL,E92000001,TBS0146
3BA986FF-D53A-43F3-BF55-361061559204,WYCOMBE HOSPITAL,E92000001,TBS0147
A3C6922E-3566-4F31-8B7B-9BF6F1B55708,WYTHENSHAWE HOSPITAL,E92000001,TBS0148
34CC991A-C066-4DC9-A272-DADBDDD46D0F,YEATMAN HOSPITAL,E92000001,TBS0149
915FE2F1-3327-467B-A2E9-295EC96C7C5E,YEOVIL DISTRICT HOSPITAL,E92000001,TBS0150
C860F05D-6460-402E-A6F9-CACF8E963396,YORK DISTRICT HOSPITAL,E92000001,TBS0151
66F7ED14-A941-4C1E-B1E9-C72D15671816,YSBYTY GEORGE THOMAS,W92000004,TBS0152
4CADED10-FFF2-4E38-9B28-CB45CEE309AA,YSBYTY GWYNEDD,W92000004,TBS0153
A5594F9E-9EEC-4626-B62A-21F724BE2117,YSBYTY PENRHOS STANLEY,W92000004,TBS0154
DD4FBF70-7485-4AFD-94A2-4E2F2FA550B7,YSBYTY'R TRI CHWM,W92000004,TBS0155
C5A3DC21-16C3-4D47-A945-331D08F42F89,YSTRAD MYNACH HOSPITAL,W92000004,TBS0156
653F8E76-C913-4894-8957-F4D812593F1B,YSTRADGYNLAIS COMMUNITY HOSPITAL,W92000004,TBS0157
107CA001-2370-4A82-9CDF-5591499DCBF0,ZACHARY MERTON HOSPITAL,E92000001,TBS0157